Time,RHip_FE,RHip_AA,RKnee_FE,RAnkle_FE,L5S1_FE,RShoulder_AA,RShoulder_RIE,RElbow_FE,RElbow_PS,RWrist_FE
0.0,,,,,,,,,,
0.016666667,,,,,,-0.590273523,0.52190019,0.3590164,1.364404926,0.029291401
0.033333333,,,,,,-0.575484462,0.49221958,0.352384617,1.332678214,0.032575221
0.05,0.111316327,-0.099383965,-0.195080018,0.2001745,0.129952181,-0.574942397,0.499967651,0.351491448,1.301266621,0.029355427
0.066666667,0.055908575,-0.106550697,-0.207595216,0.209643621,0.06286414,-0.575943645,0.500735174,0.349555318,1.296219218,0.016168887
0.083333333,0.130626351,-0.1104938,-0.236671782,0.208676849,0.111512973,-0.58282812,0.527677353,0.353688725,1.317232929,0.024869493
0.1,0.120063087,-0.108435405,-0.257485515,0.20842873,0.097379297,-0.584885163,0.525966251,0.365069595,1.331425911,0.026103927
0.116666667,0.162746992,-0.099914787,-0.290381494,0.210909779,0.121499193,-0.588952736,0.523110408,0.378411261,1.324211211,0.021550807
0.133333333,0.137387202,-0.09862404,-0.317862163,0.221334151,0.081468242,-0.58875442,0.530553235,0.383518817,1.309780499,0.015004703
0.15,0.170659388,-0.110247772,-0.341210712,0.202890294,0.104486613,-0.586086509,0.530302424,0.378880494,1.311892977,0.018153296
0.166666667,0.146918053,-0.117574459,-0.349557672,0.192142099,0.081813792,-0.580477609,0.492090418,0.38125538,1.330527075,0.019132846
0.183333333,0.192723155,-0.116523041,-0.363561186,0.185267913,0.109420538,-0.582296689,0.472847791,0.384952587,1.339167684,0.023969969
0.2,0.192611207,-0.109762676,-0.372458441,0.190294522,0.097539741,-0.574996719,0.483118848,0.383340659,1.319881902,0.014161273
0.216666667,0.204085248,-0.106786887,-0.380005922,0.186076655,0.104992368,-0.581628086,0.520425672,0.384284736,1.290755115,0.003192955
0.233333333,0.19940754,-0.108474393,-0.382813706,0.180379938,0.103142709,-0.584162964,0.508722301,0.392407912,1.268464068,-0.009729817
0.25,0.214416743,-0.106641898,-0.379538613,0.173441198,0.103954122,-0.590611396,0.486727209,0.401622518,1.308586373,-0.005614287
0.266666667,0.238123365,-0.102633037,-0.369405111,0.17433215,0.135189753,-0.587667118,0.448440041,0.414167131,1.355796934,-0.006949743
0.283333333,0.222490066,-0.105508473,-0.353276112,0.176589896,0.119693286,-0.590873236,0.457263844,0.413371839,1.398177503,0.003441854
0.3,0.199051586,-0.106043972,-0.334043234,0.192326965,0.118253991,-0.585174855,0.477489407,0.388811932,1.373751485,0.020499001
0.316666667,0.165069852,-0.103231447,-0.317107105,0.208015399,0.101654398,-0.579927962,0.478344627,0.373116384,1.330584407,0.032732769
0.333333333,0.17449333,-0.101212366,-0.29922475,0.205536571,0.114060176,-0.585014688,0.499770196,0.364495237,1.308206776,0.04456929
0.35,0.147203554,-0.103435921,-0.279344734,0.193757975,0.097513846,-0.593480773,0.510641948,0.36870864,1.316986288,0.052979593
0.366666667,0.137899049,-0.10395816,-0.257141753,0.185646711,0.09631237,-0.588484892,0.509654113,0.374240314,1.324628117,0.045055485
0.383333333,0.166602544,-0.097638243,-0.23527711,0.190460222,0.134777408,-0.579335339,0.504550852,0.374884627,1.313656358,0.028615949
0.4,0.090916967,-0.091311959,-0.205172331,0.202079952,0.081469589,-0.580962888,0.51110788,0.370208817,1.303173675,0.024084521
0.416666667,0.102285734,-0.090646085,-0.183195802,0.198675158,0.102256148,-0.581135401,0.494788994,0.376906802,1.324600004,0.02226797
0.433333333,0.083524735,-0.092155578,-0.165413843,0.189612339,0.100029093,-0.576499415,0.483001724,0.385382064,1.355247276,0.020327196
0.45,0.081264307,-0.093341049,-0.140040785,0.171649813,0.130250896,-0.585213489,0.498690047,0.389901964,1.364106568,0.026880995
0.466666667,0.04374686,-0.09461586,-0.103324105,0.157976767,0.110945259,-0.594279422,0.503479327,0.390208769,1.355130995,0.03874533
0.483333333,0.021692709,-0.090144148,-0.071683633,0.145209652,0.093461222,-0.588761457,0.519853227,0.3807133,1.32589147,0.063753238
0.5,0.015252124,-0.081658294,-0.04788594,0.142303807,0.091602627,-0.580408691,0.54159811,0.365347159,1.293432585,0.06190793
0.516666667,-0.030057685,-0.079741846,-0.024191838,0.141481356,0.065390317,-0.582820072,0.559158525,0.36673376,1.285295097,0.043700135
0.533333333,-0.043769967,-0.084408604,-0.002002985,0.128335534,0.072778375,-0.585595143,0.542703381,0.374626885,1.301318788,0.030968832
0.55,-0.065675469,-0.091031723,0.01835238,0.11874968,0.067974149,-0.583885244,0.535322231,0.372748876,1.306226983,0.05217642
0.566666667,-0.050937739,-0.094093408,0.035202284,0.10671358,0.091625931,-0.584781044,0.567213035,0.359522979,1.311715944,0.063059741
0.583333333,-0.075592714,-0.089307052,0.045938624,0.11163244,0.068112257,-0.581007656,0.559712813,0.359624289,1.327159076,0.062647548
0.6,-0.066672898,-0.083744926,0.055271146,0.097763603,0.08388725,-0.588786538,0.53876547,0.378758063,1.349239925,0.050865115
0.616666667,-0.031653632,-0.076023208,0.066953989,0.067040347,0.111498659,-0.588431128,0.533845176,0.396092813,1.354405029,0.056101255
0.633333333,-0.025621325,-0.079153215,0.075938803,0.060659159,0.123126556,-0.583801997,0.531302107,0.394982107,1.322525863,0.066181772
0.65,-0.019273814,-0.08446361,0.080820509,0.071051004,0.140044597,-0.580875527,0.519584378,0.385477095,1.288592307,0.061441442
0.666666667,-0.076170792,-0.091001194,0.087409087,0.074831591,0.101756708,-0.584806804,0.522277884,0.384479138,1.285524692,0.040915733
0.683333333,-0.092634413,-0.104895245,0.0872797,0.098796241,0.082539713,-0.603398727,0.534143414,0.398230199,1.296133409,0.029128976
0.7,-0.105692018,-0.114588271,0.087340769,0.090114298,0.058283384,-0.596139436,0.543447249,0.391482543,1.308121072,0.041332178
0.716666667,-0.092269477,-0.109356155,0.087266459,0.093727638,0.060869264,-0.590434483,0.57200039,0.373645966,1.337163769,0.059847223
0.733333333,-0.081564686,-0.100629404,0.087266462,0.092996286,0.071764678,-0.577082615,0.54527849,0.371113719,1.331323512,0.082578886
0.75,-0.035833231,-0.090638805,0.087460379,0.084817146,0.108728382,-0.583800334,0.553414022,0.370082878,1.326948053,0.092575789
0.766666667,-0.007294675,-0.08402279,0.080854588,0.082612809,0.129602652,-0.576975604,0.541911336,0.359708117,1.327700257,0.090990604
0.783333333,-0.005926443,-0.074879419,0.082543721,0.069086284,0.143984267,-0.574314353,0.507689228,0.360916238,1.324199902,0.067799634
0.8,-0.036533487,-0.070858585,0.087275591,0.064593948,0.122167895,-0.576649011,0.528415659,0.36726891,1.329482394,0.063851713
0.816666667,-0.052022374,-0.077569941,0.087543831,0.070527467,0.109412692,-0.587668306,0.53505724,0.385718549,1.322428963,0.072853956
0.833333333,-0.005808599,-0.081565855,0.08744045,0.07978933,0.143162019,-0.584967092,0.527641032,0.389733474,1.301925557,0.072140583
0.85,-0.062139316,-0.066120462,0.087298606,0.083943974,0.084293505,-0.58263999,0.529750905,0.382072705,1.280477279,0.065197893
0.866666667,-0.058606792,-0.068299202,0.088498171,0.083928014,0.087741545,-0.570547713,0.517997492,0.363714295,1.250040864,0.065236881
0.883333333,-0.051305363,-0.079552456,0.087326049,0.09116225,0.084866404,-0.573128822,0.524184493,0.3645098,1.240305088,0.072890058
0.9,-0.019240291,-0.082111775,0.07844405,0.088854375,0.105598376,-0.582776609,0.511261375,0.378544629,1.255855955,0.059099348
0.916666667,-0.068467756,-0.067740523,0.08768728,0.091792698,0.08139464,-0.580152741,0.50433458,0.385745006,1.288750994,0.052493507
0.933333333,-0.06791111,-0.061001654,0.089344221,0.085430907,0.076669362,-0.565888699,0.518778846,0.383162069,1.351760874,0.065019185
0.95,0.006603795,-0.061071051,0.087266385,0.087623303,0.145546002,-0.566486461,0.519026447,0.387132676,1.347169072,0.073309985
0.966666667,-0.068460206,-0.056973721,0.08914486,0.097145549,0.071595339,-0.571595482,0.519995757,0.38378309,1.328686821,0.081813817
0.983333333,-0.054617708,-0.06019416,0.087348186,0.094956435,0.097265633,-0.568057103,0.488166207,0.38515449,1.319760423,0.076406984
1.0,-0.055070445,-0.063894178,0.087384709,0.097291501,0.105081614,-0.571030609,0.460355316,0.395574841,1.334898366,0.064719756
1.016666667,-0.032236875,-0.063146114,0.086552827,0.082694344,0.118747273,-0.579669436,0.477263718,0.399221138,1.359071842,0.06617173
1.033333333,-0.083624236,-0.065873238,0.087266464,0.08091343,0.059187736,-0.570049404,0.498947178,0.384938192,1.354960231,0.070225771
1.05,-0.066305401,-0.072411438,0.087275786,0.068314233,0.069348482,-0.567967182,0.519700048,0.374961421,1.327953821,0.081754201
1.066666667,-0.030196599,-0.076288041,0.087266463,0.064676448,0.107052605,-0.566291811,0.507184964,0.379362785,1.302551248,0.081579322
1.083333333,-0.031340588,-0.07705757,0.087290932,0.079432012,0.114060671,-0.565771813,0.480113868,0.392596379,1.30768121,0.07635148
1.1,0.031732351,-0.065827475,0.075216557,0.084865933,0.161869852,-0.564592199,0.462926681,0.392366423,1.323449738,0.073166027
1.116666667,0.038620292,-0.05733142,0.069344239,0.082314394,0.163746771,-0.567562707,0.498930052,0.379815907,1.342475299,0.085213428
1.133333333,0.044592113,-0.047178937,0.07498111,0.073445773,0.177651826,-0.57289009,0.52633239,0.385165585,1.344443073,0.089453262
1.15,-0.046172382,-0.041270317,0.087908481,0.063539446,0.101865923,-0.570121656,0.520551331,0.395578029,1.337333457,0.095003401
1.166666667,-0.019791312,-0.04156719,0.08177801,0.076310592,0.122669354,-0.56341487,0.501511815,0.398227709,1.333215353,0.105206955
1.183333333,-0.076561727,-0.049908463,0.087264042,0.081630688,0.065733142,-0.557468833,0.483659076,0.395067686,1.33892238,0.112885781
1.2,-0.078687543,-0.062161603,0.08726665,0.093917049,0.070429019,-0.559688821,0.465936318,0.389154905,1.343493724,0.106581909
1.216666667,-0.076456174,-0.073540104,0.087548869,0.116772379,0.08082346,-0.56321637,0.461374,0.389548343,1.350804535,0.097485251
1.233333333,-0.068692466,-0.070085447,0.087272817,0.096015269,0.09222515,-0.572754168,0.477997818,0.402318787,1.367549432,0.094212577
1.25,-0.025477164,-0.060672982,0.078793806,0.073716939,0.118699543,-0.576898917,0.496406625,0.41155651,1.391872546,0.100163739
1.266666667,-0.008068731,-0.055001199,0.073924008,0.064994025,0.128052932,-0.5713253,0.507553866,0.405237184,1.382421605,0.111478202
1.283333333,-0.013003566,-0.05432624,0.065477987,0.075650198,0.119514847,-0.560071995,0.511818202,0.388267555,1.342474678,0.120626365
1.3,0.020858115,-0.052244683,0.055083154,0.078279018,0.142798263,-0.559509679,0.523496429,0.383187032,1.298715827,0.118269851
1.316666667,0.00825489,-0.058444601,0.059071745,0.074668625,0.129597398,-0.563651863,0.51809607,0.386059173,1.290006276,0.097376673
1.333333333,-0.017302537,-0.068293218,0.068352085,0.073466287,0.108995921,-0.564248362,0.469344593,0.396829753,1.311603049,0.076145838
1.35,-0.042973931,-0.08026159,0.06532518,0.080353686,0.087093865,-0.563399973,0.454875235,0.390519031,1.320714092,0.084091393
1.366666667,-0.080644122,-0.073142378,0.056040403,0.080660764,0.039761576,-0.56572999,0.505721904,0.377002627,1.314167848,0.102215375
1.383333333,-0.072971293,-0.067898682,0.049803861,0.083817761,0.041883786,-0.566217955,0.526728289,0.373075775,1.331297031,0.09425239
1.4,-0.064001604,-0.066612753,0.047353242,0.088112955,0.049755164,-0.57240735,0.519078431,0.367968665,1.396994849,0.10620756
1.416666667,-0.051791614,-0.066357237,0.033171688,0.097331948,0.060704782,-0.566785029,0.494881513,0.366226007,1.413162908,0.097008952
1.433333333,-0.012935372,-0.061004493,0.011243934,0.106914446,0.076647815,-0.567319981,0.4849847,0.369680538,1.412277862,0.085263764
1.45,-0.001455684,-0.045814012,-0.005595515,0.108107946,0.055737214,-0.560711346,0.490044372,0.360390642,1.402078419,0.080773562
1.466666667,0.009749477,-0.032370856,-0.020607505,0.105368319,0.042621764,-0.546783021,0.492085374,0.337257531,1.395416707,0.082960281
1.483333333,0.036321452,-0.021983785,-0.046750411,0.105756373,0.03463182,-0.536623011,0.478381258,0.329470992,1.412294512,0.079437645
1.5,0.041713935,-0.018261709,-0.07457975,0.119058282,0.014825842,-0.542183778,0.476893336,0.337552936,1.446591012,0.060590675
1.516666667,0.03353056,-0.021841867,-0.095900497,0.13886994,-0.007767252,-0.548103223,0.48511361,0.325850655,1.471684323,0.0425495
1.533333333,0.036909551,-0.028665433,-0.123093802,0.160270187,-0.039716531,-0.555910789,0.501011368,0.316169891,1.468185915,0.036026781
1.55,0.018791595,-0.023855492,-0.152195095,0.1748888,-0.101542054,-0.5523441,0.50633328,0.318010189,1.473806147,0.052002673
1.566666667,0.000921807,-0.017759363,-0.183404929,0.185323647,-0.171161892,-0.55642533,0.469307324,0.353374375,1.477405068,0.049957683
1.583333333,0.020315185,-0.027174118,-0.22866224,0.199604019,-0.199027742,-0.557764952,0.444868152,0.373613339,1.484402201,0.062152087
1.6,0.079755816,-0.037150202,-0.287997055,0.20590416,-0.192419208,-0.54532916,0.442934345,0.373128484,1.476424923,0.04790867
1.616666667,0.129787746,-0.050873765,-0.359073138,0.215582894,-0.210751121,-0.542738428,0.438244072,0.376343133,1.440441242,0.037739163
1.633333333,0.153624737,-0.065364821,-0.413679018,0.219143645,-0.247938711,-0.546279504,0.417141361,0.403566667,1.405646912,0.048867533
1.65,0.170028892,-0.084054182,-0.459966277,0.235303409,-0.285046137,-0.555655458,0.409605274,0.431534201,1.388402592,0.051204702
1.666666667,0.228102727,-0.101371489,-0.517245043,0.263451603,-0.28653405,-0.555020083,0.388976752,0.451170716,1.383520027,0.055057329
1.683333333,0.271071538,-0.126795913,-0.583090141,0.285036256,-0.308162414,-0.559939692,0.375124486,0.483192051,1.347780473,0.024896418
1.7,0.326379606,-0.144241811,-0.645016684,0.279636347,-0.322941253,-0.556761412,0.343911914,0.521579544,1.336365091,0.026291614
1.716666667,0.345069525,-0.145483277,-0.692152138,0.262415539,-0.374501489,-0.556255871,0.304409565,0.574050201,1.3232032,0.003642266
1.733333333,0.343570726,-0.140027632,-0.73248034,0.24800986,-0.441649799,-0.551879135,0.274385144,0.606390891,1.317067751,-0.000553606
1.75,0.353388785,-0.138921792,-0.775030118,0.254221085,-0.495690977,-0.532767381,0.23424487,0.628973996,1.316590672,0.011790824
1.766666667,0.386926902,-0.149143073,-0.825987473,0.257703425,-0.531577998,-0.518266013,0.195237966,0.655535349,1.307041164,0.020815058
1.783333333,0.447047637,-0.162025594,-0.88088549,0.261187185,-0.562100459,-0.516352481,0.180941779,0.684970336,1.275375585,0.008230682
1.8,0.49617863,-0.173383375,-0.923646937,0.265353929,-0.603564609,-0.517880335,0.180486938,0.717064342,1.25049449,-0.008649203
1.816666667,0.540885336,-0.174268904,-0.957101823,0.273500954,-0.640816291,-0.520183029,0.163087345,0.748215959,1.258883232,-0.002425562
1.833333333,0.567171755,-0.178555973,-0.991089556,0.284150919,-0.681795588,-0.546022079,0.148901646,0.780341293,1.259416465,0.001525577
1.85,0.589504025,-0.183815232,-1.03401527,0.29695843,-0.725068085,-0.588632341,0.163085478,0.806461668,1.25227331,-0.011722466
1.866666667,0.650244468,-0.184852775,-1.079671488,0.325472395,-0.710156987,-0.621247496,0.158033323,0.8315893,1.257189648,-0.049428471
1.883333333,0.729149578,-0.1851571,-1.114979861,0.352451052,-0.666174045,-0.643878029,0.155709169,0.832104733,1.268815281,-0.073618972
1.9,0.765869586,-0.187963686,-1.141738155,0.36956289,-0.690740245,-0.673259138,0.185341194,0.835231195,1.258660782,-0.07208816
1.916666667,0.822609927,-0.204320489,-1.176267391,0.374760378,-0.726717418,-0.715338384,0.253413771,0.838056229,1.230727424,-0.070299718
1.933333333,0.832313934,-0.219666314,-1.209255814,0.382713163,,,,,,
1.95,0.8560585,-0.222572881,-1.243974956,0.388341025,,,,,,
1.966666667,0.904694534,-0.230418925,-1.288694994,0.402220283,,,,,,
1.983333333,0.959172947,-0.240842948,-1.338751411,0.407029745,,,,,,
2.0,1.027461401,-0.240156222,-1.380291349,0.405883796,,,,,,
2.016666667,1.070333871,-0.241789211,-1.408161774,0.414027709,,,,,,
2.033333333,1.094205527,-0.247583521,-1.432750371,0.433793179,,,,,,
2.05,1.131712675,-0.256945325,-1.463609699,0.453079778,,,,,,
2.066666667,1.189864509,-0.257421437,-1.500221959,0.455976582,-0.925284445,-0.856715792,0.312186567,0.778255074,1.127989189,-0.25679715
2.083333333,1.218634877,-0.260079224,-1.537307518,0.449309144,-0.942442386,-0.83420336,0.328421465,0.755618981,1.142639058,-0.2629229
2.1,1.226126337,-0.262494625,-1.574177284,0.459194503,-0.961516878,-0.852026227,0.367227909,0.746567184,1.114442023,-0.263589309
2.116666667,1.238196513,-0.260969034,-1.605878826,0.464698585,-0.979504273,-0.893200914,0.412942782,0.747468856,1.063388795,-0.271193162
2.133333333,1.27446223,-0.266155238,-1.629100319,0.455587016,-0.981038698,-0.926063984,0.441524629,0.737927415,1.050653322,-0.284026387
2.15,1.312964802,-0.278978809,-1.650229929,0.431322197,-0.994487413,-0.927979881,0.415102907,0.713018615,1.058755859,-0.245697383
2.166666667,1.344496273,-0.301329259,-1.672218581,0.418929478,,,,,,
2.183333333,1.392652986,-0.31676355,-1.691923984,0.421644782,,,,,,
2.2,1.428873058,-0.322845363,-1.711696161,0.44715626,,,,,,
2.216666667,1.474913471,-0.312076677,-1.732859625,0.471285346,,,,,,
2.233333333,1.522337683,-0.309907063,-1.758013838,0.467095075,,,,,,
2.25,1.556190714,-0.31429004,-1.772923935,0.458530273,,,,,,
2.266666667,1.545207375,-0.32129051,-1.790672685,0.462049018,,,,,,
2.283333333,,,,,,,,,,
2.3,,,,,,,,,,
2.316666667,,,,,,,,,,
2.333333333,,,,,,,,,,
2.35,,,,,,,,,,
2.366666667,,,,,,,,,,
2.383333333,,,,,,,,,,
2.4,,,,,,,,,,
2.416666667,,,,,,,,,,
2.433333333,,,,,,,,,,
2.45,,,,,,,,,,
2.466666667,,,,,,,,,,
2.483333333,,,,,,,,,,
2.5,,,,,,,,,,
2.516666667,,,,,,,,,,
2.533333333,,,,,,,,,,
2.55,,,,,,,,,,
2.566666667,,,,,,,,,,
2.583333333,,,,,,,,,,
2.6,,,,,,,,,,
2.616666667,,,,,,,,,,
2.633333333,,,,,,,,,,
2.65,,,,,,,,,,
2.666666667,,,,,,,,,,
2.683333333,,,,,,,,,,
2.7,,,,,,,,,,
2.716666667,,,,,,,,,,
2.733333333,,,,,,,,,,
2.75,,,,,,,,,,
2.766666667,,,,,,,,,,
2.783333333,,,,,,,,,,
2.8,,,,,,,,,,
2.816666667,,,,,,,,,,
2.833333333,,,,,,,,,,
2.85,,,,,,,,,,
2.866666667,,,,,,,,,,
2.883333333,,,,,,,,,,
2.9,,,,,,,,,,
2.916666667,,,,,,,,,,
2.933333333,,,,,,,,,,
2.95,,,,,,,,,,
2.966666667,,,,,,,,,,
2.983333333,,,,,,,,,,
3.0,,,,,,,,,,
3.016666667,,,,,,,,,,
3.033333333,,,,,,,,,,
3.05,,,,,,,,,,
3.066666667,,,,,,,,,,
3.083333333,,,,,,,,,,
3.1,,,,,,,,,,
3.116666667,,,,,,,,,,
3.133333333,,,,,,,,,,
3.15,,,,,,,,,,
3.166666667,,,,,,,,,,
3.183333333,,,,,,,,,,
3.2,1.198405876,-0.178053492,-1.232386942,0.307867122,,,,,,
3.216666667,1.192052478,-0.189100832,-1.183205349,0.257513152,,,,,,
3.233333333,1.154003303,-0.191862298,-1.127877704,0.219335842,,,,,,
3.25,1.096697708,-0.183675728,-1.080879953,0.204417215,,,,,,
3.266666667,1.053691524,-0.169163297,-1.050250158,0.19094702,,,,,,
3.283333333,1.006976513,-0.170289389,-1.01860013,0.187351669,,,,,,
3.3,0.96147215,-0.18360025,-0.98328631,0.191668427,-0.792909446,-1.057384372,0.842079686,1.002383234,1.226665835,0.180917444
3.316666667,0.866455511,-0.180752232,-0.940089096,0.194595627,-0.839645405,-1.062165465,0.824562539,1.015992874,1.233135439,0.228250239
3.333333333,0.771371183,-0.156367365,-0.907565261,0.196452262,-0.889698839,-1.078103688,0.838958512,1.049004314,1.183208116,0.200912568
3.35,0.702101241,-0.128990426,-0.874358251,0.196925753,-0.898111889,-1.084835153,0.773846423,1.087942973,1.097165442,0.160526164
3.366666667,0.693534443,-0.125951571,-0.840495788,0.180408861,-0.842751475,-1.08995751,0.655399272,1.115341549,1.088990098,0.172886969
3.383333333,0.747793658,-0.133512003,-0.807609895,0.147237649,-0.740938468,-1.083673944,0.671008493,1.118747599,1.132357957,0.193867953
3.4,0.767679079,-0.144914426,-0.772317283,0.123528088,-0.670356729,-1.081995627,0.706198651,1.13164627,1.141502856,0.193344402
3.416666667,0.74804748,-0.160162734,-0.747967677,0.126496627,-0.642637952,-1.07228841,0.765616141,1.136458168,1.136166212,0.192319341
3.433333333,0.672789994,-0.158621638,-0.701966988,0.1359057,-0.645866803,-1.080838936,0.732065922,1.14439764,1.212504648,0.194807793
3.45,0.610548209,-0.141885745,-0.644767456,0.12636316,-0.630364383,-1.112779299,0.777147723,1.148446576,1.364014346,0.173192406
3.466666667,0.571289871,-0.116555337,-0.591403474,0.111298477,-0.59065686,-1.160579052,0.825203922,1.169084201,1.427803316,0.1276029
3.483333333,0.553579527,-0.112258866,-0.560763187,0.102573485,-0.542678861,-1.182701364,0.846433039,1.193186626,1.341249204,0.095716645
3.5,0.563153743,-0.113966285,-0.548277076,0.103954581,-0.492541698,-1.188677228,0.813160924,1.206879137,1.194467542,0.122229571
3.516666667,0.570419541,-0.101084816,-0.534340312,0.101280483,-0.449676492,-1.211789158,0.769772228,1.213030803,1.043706422,0.185849309
3.533333333,0.552981206,-0.091664518,-0.503843408,0.10084442,-0.417292463,-1.237558565,0.803860991,1.212527639,0.985505863,0.193849046
3.55,0.511803331,-0.086868239,-0.465992022,0.091380006,-0.394844467,-1.269813638,0.789737903,1.231344228,1.082208984,0.148869444
3.566666667,0.453428163,-0.08164562,-0.423463753,0.082343499,-0.394561068,-1.278910666,0.981561901,1.224196194,1.150201819,0.107300007
3.583333333,0.409029749,-0.063828617,-0.382973492,0.074381465,-0.378115917,-1.304105716,0.815518189,1.243526943,1.118991741,0.097247816
3.6,0.376666134,-0.056596262,-0.350480199,0.077485786,-0.321745162,-1.428692161,-0.065281363,1.316773047,1.149181823,0.106827704
3.616666667,0.353462919,-0.061928597,-0.323203025,0.079108263,-0.320190376,-1.374626471,0.699867847,1.283417103,1.242130407,0.113940636
3.633333333,0.344978097,-0.069614216,-0.297780016,0.078526624,-0.283126714,-1.350458446,0.862473707,1.28213538,1.169300999,0.110518136
3.65,0.315567385,-0.072300151,-0.269280205,0.077545491,-0.233433379,-1.461016269,0.132941514,1.344733238,1.021846025,0.096586255
3.666666667,0.258381502,-0.067658985,-0.237594654,0.062887902,-0.283342717,-1.334878385,1.228973563,1.274909621,0.835104656,0.124973217
3.683333333,0.18581984,-0.065140321,-0.207809233,0.0463501,-0.273232523,-1.500983574,0.199305579,1.342889908,0.820700281,0.140762702
3.7,0.169379836,-0.071368007,-0.197076524,0.04158715,-0.256573629,-1.500622561,0.192270036,1.336917761,0.855280631,0.15309235
3.716666667,0.142028056,-0.078911768,-0.185611838,0.043030785,-0.236049581,-1.494187366,0.264401453,1.336463935,0.934975499,0.175521558
3.733333333,0.098768021,-0.081457546,-0.166719429,0.0467539,-0.281114119,-1.296114415,1.371299984,1.267605888,0.971047087,0.223688079
3.75,0.111906328,-0.076075462,-0.157503612,0.052441226,-0.242377571,-1.295171772,1.361399552,1.280822272,0.800677009,0.242174471
3.766666667,0.131539079,-0.065468144,-0.152317045,0.056489768,-0.211002456,-1.30347811,1.410754642,1.274721266,0.619186452,0.224867493
3.783333333,0.112187746,-0.049084003,-0.135389198,0.050250038,-0.205519053,-1.310870398,1.501357435,1.263744229,0.570848889,0.20164096
3.8,0.077486317,-0.033228902,-0.105847828,0.04373266,-0.188835688,-1.316613402,1.568202348,1.249351046,0.738063895,0.23960363
3.816666667,0.071105286,-0.018361551,-0.07185612,0.036964896,-0.138777094,-1.305176794,1.446166978,1.234261283,0.764472429,0.29513701
3.833333333,0.06160187,-0.012255965,-0.057708823,0.03911851,-0.108760968,-1.277939585,1.566264108,1.224856145,0.607905737,0.27190771
3.85,0.045401782,-0.007201328,-0.045818274,0.042223182,-0.119215264,-1.213699311,1.70484174,1.209620144,0.481277152,0.211080508
3.866666667,0.011619512,-0.007851693,-0.021937029,0.036857549,-0.136343744,-1.17644933,1.634780893,1.194278349,0.596297918,0.239567658
3.883333333,0.007433597,-0.004522538,0.000524232,0.041220734,-0.105709286,-1.180183512,1.61671896,1.204932902,0.623137948,0.231955991
3.9,-0.026971857,0.001342824,0.021223198,0.043238784,-0.126397331,-1.167538439,1.578226527,1.231803442,0.655613367,0.199136407
3.916666667,-0.038812358,0.01108432,0.033911728,0.033395085,-0.126816378,-1.134824655,1.651159894,1.263611204,0.629023049,0.109484197
3.933333333,-0.056148106,0.019009718,0.050013705,0.021094163,-0.129969837,-1.098672653,1.776476036,1.296457664,0.619943364,-0.013004755
3.95,-0.032455744,0.031208263,0.061047161,0.006473857,-0.086180919,-1.120472153,1.704722069,1.325692081,0.756362686,-0.047408321
3.966666667,-0.032593507,0.041620775,0.072407507,-0.007421551,-0.058229162,-1.194674118,1.520719898,1.338961235,0.899307391,0.043179297
3.983333333,-0.021213631,0.041487896,0.058741141,0.00427609,-0.018921337,-1.239631966,1.401627344,1.306488269,0.898094576,0.199599327
4.0,-0.03859257,0.036657529,0.046013538,0.023855386,-0.015798813,-1.198204403,1.288873199,1.261349078,0.889073243,0.262504539
4.016666667,-0.072133703,0.031901222,0.053529706,0.024507574,-0.030744518,-1.150444586,1.290580493,1.254767664,0.915540471,0.230959578
4.033333333,-0.052144655,0.037800264,0.060374574,0.018984682,-0.001424657,-1.159950065,1.388352651,1.261087048,0.921638957,0.306331144
4.05,-0.020017033,0.045597871,0.054301559,-0.00114737,0.030231711,-1.170334475,1.419400946,1.261227954,0.909860782,0.400127694
4.066666667,0.006241854,0.053124777,0.042427599,-0.018329389,0.04785226,-1.167070539,1.430963634,1.264989325,0.885239489,0.375323114
4.083333333,-0.046891815,0.047799658,0.042905333,-0.00637704,0.009194516,-1.165508391,1.314713122,1.281823911,0.89320856,0.240484148
4.1,-0.095207109,0.040912654,0.07083439,0.007372068,0.013398932,-1.187769505,1.437388135,1.272799492,0.804156522,0.185813358
4.116666667,-0.075414895,0.036124016,0.087293058,0.019937233,0.068680539,-1.193545681,1.41244347,1.262369644,0.822072811,0.227283688
4.133333333,-0.140733031,0.033630325,0.087266468,0.066189359,0.020997821,-1.177430249,1.397134877,1.242153039,0.814769353,0.281443135
4.15,-0.114422022,0.026215438,0.087333474,0.097645726,0.057356132,-1.149698232,1.416465178,1.22387363,0.787356356,0.279675831
4.166666667,-0.140205273,0.032430714,0.087266468,0.076695352,0.0359717,-1.103121266,1.472119413,1.206814158,0.782517517,0.253783715
4.183333333,-0.124185604,0.012721808,0.0911901,0.109191857,0.071841667,-1.063780713,1.527228568,1.195729603,0.81257123,0.217905755
4.2,-0.139550982,0.021335304,0.087266469,0.076518923,0.060233622,-1.018994191,1.627187104,1.194885711,0.776739799,0.157301887
4.216666667,-0.10489205,0.018744666,0.087266276,0.08055572,0.100583422,-1.002685288,1.648094761,1.209290959,0.634594854,0.083573048
4.233333333,-0.088300245,0.021135765,0.087266454,0.079575323,0.116479274,-0.970901248,1.636417496,1.198894022,0.48085889,0.022966187
4.25,-0.084582255,0.030908927,0.087266457,0.079543929,0.116766252,-0.94083728,1.601600546,1.176717993,0.472756887,0.036146275
4.266666667,-0.048382945,0.041624423,0.087064173,0.070039467,0.147367576,-0.919629849,1.590857627,1.161436443,0.451087139,0.029487864
4.283333333,-0.026468328,0.046226031,0.087266527,0.05938166,0.165140756,-0.954422666,1.727631326,1.180581816,0.304298321,0.00748571
4.3,-0.013410683,0.052273036,0.08755551,0.052638836,0.175230138,-0.996899703,1.777771477,1.199483279,0.194224321,0.013743113
4.316666667,-0.002233288,0.046286724,0.087266449,0.05736004,0.175786707,-1.0150996,1.768054933,1.204136839,0.137976138,0.050034455
4.333333333,-0.003501457,0.0402907,0.087266453,0.030832709,0.15597753,-0.992571121,1.779120091,1.198419442,0.140871916,0.096324193
4.35,-0.014933899,0.033075654,0.087266468,0.038107391,,,,,,
4.366666667,-0.041785278,0.028374392,0.087266473,0.056272046,,,,,,
4.383333333,-0.034182439,0.031900736,0.062152461,0.078287577,,,,,,
4.4,-0.00635578,0.033870304,0.070643606,0.061302016,,,,,,
4.416666667,0.029392075,0.044051515,0.08052045,0.038443209,,,,,,
4.433333333,0.023064166,0.038425163,0.087266467,0.035271672,,,,,,
4.45,-0.00575257,0.032611708,0.087276126,0.037954174,,,,,,
4.466666667,-0.011913362,0.034303544,0.077369575,0.044288118,0.073233306,-0.823700049,1.647555358,1.040106423,0.28643175,0.553157718
4.483333333,0.028250664,0.036323969,0.070438758,0.042871657,0.092540605,-0.775576183,1.553828475,1.048735283,0.397209104,0.572977006
4.5,0.025270856,0.039478854,0.067235734,0.042743652,0.075115829,-0.725339012,1.467712414,1.079183452,0.480328416,0.532720783
4.516666667,0.029768966,0.042936174,0.079556735,0.030107313,0.068249046,-0.69528133,1.538798093,1.134607066,0.575389907,0.382786798
4.533333333,0.017243944,0.046166688,0.087270462,0.033296984,0.064117908,-0.713643785,1.665089368,1.17768801,0.626846681,0.26622782
4.55,0.0040098,0.064547293,0.085921125,0.05787038,0.055382766,-0.725463099,1.663423419,1.18444203,0.605748255,0.231621053
4.566666667,0.003508249,0.052771829,0.074916583,0.030087294,0.021985399,-0.730444905,1.630226366,1.183239551,0.563082615,0.322083802
4.583333333,0.001969025,0.057516248,0.069072137,0.024542794,0.000230801,-0.73833021,1.60446716,1.202759497,0.551801384,0.350662757
4.6,0.009595187,0.066573684,0.072736934,0.027862762,-0.002356513,-0.762301455,1.633253093,1.251821874,0.597971739,0.251995175
4.616666667,0.000193485,0.06852906,0.076471123,0.040208368,-0.013213996,-0.772320267,1.67729865,1.293747198,0.666596716,0.116402331
4.633333333,0.00912237,0.064882697,0.066636509,0.046673876,-0.037209169,-0.745526585,1.706961256,1.305683992,0.669518379,0.093484027
4.65,0.012574606,0.060146402,0.048285737,0.04947473,-0.069584861,-0.725456219,1.773246528,1.324082502,0.627676248,0.066663102
4.666666667,0.01978815,0.053825462,0.025457264,0.048903125,-0.089816903,-0.741361855,1.80293715,1.352869773,0.577906321,0.085016233
4.683333333,0.041849193,0.056235999,0.028835385,0.036098981,-0.078048544,-0.76030312,1.794421906,1.370806369,0.564187826,0.118237789
4.7,0.055232748,0.055117185,0.036973083,0.022564575,-0.071521273,-0.750594414,1.795210367,1.360760536,0.555059129,0.131695099
4.716666667,0.07756216,0.060721302,0.049229835,0.021116636,-0.060722101,-0.749245662,1.804485321,1.373580445,0.551558666,0.091190015
4.733333333,0.06841937,0.066455089,0.048821006,0.019496646,-0.06433415,-0.759281416,1.90803254,1.430757619,0.57770217,-0.1560464
4.75,0.061759561,0.070342416,0.039496849,0.019783208,-0.0845011,-0.719368965,1.953360892,1.442090728,0.626708458,-0.18468844
4.766666667,0.072123846,0.080580412,0.031816764,0.018254203,-0.088121611,-0.675426031,1.937706354,1.417800549,0.646602078,-0.137588322
4.783333333,0.062756051,0.083675412,0.038935584,0.020084033,-0.106766071,-0.657400042,1.94484317,1.402038458,0.62313131,-0.05361423
4.8,0.055997367,0.081738641,0.042371599,0.031910695,-0.125480408,-0.661243632,1.876797558,1.398743349,0.586123621,-0.023885531
4.816666667,0.052229877,0.080429295,0.038671489,0.037765271,-0.134309811,-0.681961949,1.833966371,1.420373662,0.569520629,-0.05958789
4.833333333,0.034901488,0.075614406,0.027033691,0.040326288,-0.156148668,-0.698130952,1.845436835,1.460137725,0.58266985,-0.133334893
4.85,0.028013438,0.071615797,0.026838154,0.04191099,-0.174738943,-0.690611779,1.830730318,1.478713145,0.613057255,-0.156465489
4.866666667,0.030536578,0.073166394,0.03947359,0.039531571,-0.178472175,-0.676406235,1.913814189,1.491453885,0.643525477,-0.176586176
4.883333333,0.044957892,0.078269825,0.045531445,0.036719331,-0.165918933,-0.687067159,1.882905009,1.495528951,0.620233359,-0.144653972
4.9,0.061751084,0.083937432,0.041684292,0.036014993,-0.137985386,-0.702176199,1.882341147,1.495752966,0.596767496,-0.09711083
4.916666667,0.066570861,0.086960806,0.034527081,0.032608912,-0.128079689,-0.680393352,1.904466874,1.484202414,0.6200807,-0.099233875
4.933333333,0.046732948,0.084246894,0.03648028,0.031191228,-0.143122798,-0.651131349,1.934480562,1.466203814,0.633850587,-0.11611424
4.95,0.04622643,0.077340579,0.038835285,0.029070734,-0.148157671,-0.655164276,1.948762547,1.457088585,0.571472816,-0.116487435
4.966666667,0.00277807,0.069826565,0.046315818,0.016067984,-0.175651606,-0.67970087,1.938285838,1.44683564,0.501150555,-0.104270083
4.983333333,0.015733546,0.068003792,0.050371307,0.016865373,-0.159724425,-0.683489262,1.911903632,1.430068248,0.498052405,-0.056074296
5.0,-0.022050953,0.063403648,0.050682538,0.02916993,-0.191011104,-0.659025755,1.901745436,1.400116535,0.504869751,-0.010693583
5.016666667,0.018224533,0.068135722,0.035510978,0.033608411,-0.144130522,-0.637403105,1.904260753,1.368174925,0.496602464,-0.020004956
5.033333333,-0.00138619,0.069784519,0.037355429,0.048287439,-0.146398828,-0.646838633,1.883524778,1.353650078,0.45484382,-0.049850897
5.05,-0.038504006,0.071995441,0.054258439,0.036722358,-0.158812993,-0.662842101,1.84754049,1.338390439,0.41383393,-0.024567118
5.066666667,-0.031233026,0.074665598,0.073373546,0.010305363,-0.150675917,-0.631909008,1.834969547,1.310905681,0.458039613,0.063602098
5.083333333,0.031870436,0.077434674,0.079367503,0.01378782,-0.081154117,-0.610984956,1.831585529,1.281754465,0.524725285,0.168829552
5.1,0.018144993,0.079715895,0.08480541,0.004382262,-0.082571125,-0.617608296,1.761243836,1.262797938,0.570212652,0.242882373
5.116666667,-0.054960082,0.06666403,0.087343304,0.000766212,-0.130167863,-0.641318323,1.724538093,1.249834758,0.586171287,0.338588779
5.133333333,-0.133123967,0.049865203,0.087266459,-0.002158332,-0.188554416,-0.644744537,1.692198256,1.251702412,0.622030995,0.378952286
5.15,-0.027884283,0.045860183,0.06520877,0.031613517,-0.111493099,-0.641106012,1.674836039,1.29237584,0.650183313,0.277224352
5.166666667,-0.101634348,0.047598027,0.087266468,0.032301074,-0.175142925,-0.664235394,1.622785329,1.320473176,0.601337457,0.158340448
5.183333333,-0.06368796,0.054656762,0.087266463,0.035067268,-0.121099166,-0.696459525,1.577479369,1.326733935,0.639551147,0.172366635
5.2,-0.045717383,0.05523469,0.087303345,0.021526996,-0.077437358,-0.724582499,1.500941745,1.327060826,0.802780146,0.221099426
5.216666667,-0.001006168,0.123270121,-0.060964388,0.02800804,-0.041447637,-0.742684154,1.437923556,1.343181381,0.914231811,0.240365629
5.233333333,-0.032832493,0.055804991,0.077212729,0.026861316,-0.0418036,-0.778086266,1.407635798,1.363280057,0.95777545,0.234593261
5.25,-0.03920489,0.07770441,0.033389061,0.046288279,-0.045239744,-0.793724297,1.371090056,1.359674934,0.950535139,0.225706283
5.266666667,-0.086242591,0.056346666,0.087597886,0.036657502,-0.068169196,-0.805535723,1.291008257,1.352892037,0.945309895,0.231367984
5.283333333,-0.107866193,0.052341425,0.087266454,0.053334152,-0.095800717,-0.813119499,1.206885824,1.360624185,0.935884543,0.221907533
5.3,-0.103824429,0.046352981,0.087266465,0.072185583,-0.0769445,-0.83516294,1.138629161,1.383571151,0.924688848,0.191867124
5.316666667,-0.075110515,0.04593678,0.087266466,0.081713913,-0.041576606,-0.836331838,1.042331928,1.40785623,0.952081559,0.150858129
5.333333333,-0.076021715,0.055703774,0.087751402,0.089495685,-0.031643092,-0.828200043,0.993226985,1.419130323,0.861905197,0.087083942
5.35,-0.065174628,0.047082041,0.087266466,0.091709255,-0.020775862,-0.811125723,0.913577263,1.424018726,0.742669916,0.057147515
5.366666667,-0.060348005,0.089342892,0.08726642,0.085203148,-0.000429209,-0.810756772,0.831469388,1.435603016,0.802555836,0.0642732
5.383333333,-0.119766031,0.03729877,0.087266463,0.089418275,-0.058746016,-0.796951962,0.75367149,1.438733339,0.876237036,0.034164261
5.4,-0.07448298,0.027505008,0.087266467,0.096865394,-0.020344439,-0.787481161,0.698944157,1.439668647,0.881276135,0.010497947
5.416666667,-0.030190316,0.02613438,0.087274775,0.100661609,0.022467307,-0.766842859,0.613286646,1.442314146,0.884971627,0.010039302
5.433333333,-0.070656748,0.017262314,0.087266457,0.07650478,0.00551454,-0.766374311,0.538831564,1.442154516,0.938793868,0.012568667
5.45,-0.060637591,0.014957454,0.087270822,0.071647821,0.024771568,-0.771613329,0.49136788,1.430570129,1.001440407,0.026189079
5.466666667,-0.067317102,0.012280824,0.088956343,0.080757731,0.017589529,-0.736327295,0.45994056,1.404986869,1.018482355,0.06501924
5.483333333,-0.07165207,0.021066604,0.085998317,0.086676956,0.016217162,-0.704339723,0.42100753,1.402023322,0.998101666,0.056686021
5.5,-0.06694295,0.030065474,0.087282138,0.092661475,0.025880278,-0.673177945,0.383999365,1.40606175,0.925894979,0.027942271
5.516666667,-0.061233443,0.037507275,0.087272132,0.095835515,0.047563287,-0.668212041,0.338973673,1.415413398,0.883544795,-0.024569394
5.533333333,-0.049942076,0.031571331,0.087266464,0.07790817,0.05982325,-0.662778896,0.294696339,1.409151317,0.862005228,-0.067959323
5.55,-0.072609009,0.018987051,0.090023503,0.093796386,0.06400841,-0.663093643,0.213407149,1.394765238,0.875435556,-0.070982227
5.566666667,-0.07388873,0.014645946,0.087266462,0.074794126,0.07014649,-0.661925153,0.170847676,1.370546217,0.875788624,-0.054100776
5.583333333,-0.07504981,0.011016872,0.087266457,0.075282387,0.077624535,-0.670526821,0.17182177,1.336544982,0.879090545,-0.038639523
5.6,-0.073106581,0.004980242,0.087266456,0.080476429,0.088108795,-0.669979303,0.134663236,1.317395941,0.900684468,-0.004803896
5.616666667,-0.054020729,-0.003151965,0.087266462,0.07176065,0.093354205,-0.669964874,0.150419026,1.3008387,0.970436097,-0.014624001
5.633333333,-0.023005725,-0.00745042,0.087266457,0.047278298,0.113875537,-0.656505742,0.117052356,1.300498503,1.044910181,-0.027731541
5.65,-0.043240325,-0.011239255,0.087266461,0.054947551,0.096835756,-0.639359109,0.087345123,1.28684613,1.136308929,-0.019002428
5.666666667,-0.050568075,-0.005908199,0.087376127,0.043668731,0.092646658,-0.635011453,0.069377881,1.256372569,1.219852903,0.007456794
5.683333333,-0.014795369,-0.019062835,0.087323043,0.036178738,0.137056645,-0.641046658,0.07063077,1.220069749,1.260709641,0.034291499
5.7,-0.023400352,-0.008535481,0.087834358,0.019550132,0.122795727,-0.642429633,0.069519849,1.196922412,1.247666362,0.06402849
5.716666667,0.100353831,-0.021412928,0.087266463,0.021226827,0.247313706,-0.641414352,0.04440113,1.185440559,1.232257821,0.076271632
5.733333333,0.09916236,-0.020874591,0.08726646,0.005774927,0.245096506,-0.633148328,0.015971447,1.170322302,1.234569193,0.064446748
5.75,-0.015407829,-0.007583115,0.092567069,0.011403633,0.14281986,-0.633314495,-0.000250948,1.148474554,1.279803282,0.046120434
5.766666667,-0.002671126,-0.029544178,0.087297624,0.009767906,0.147358249,-0.63095042,-0.033599641,1.129301066,1.358054376,0.033298159
5.783333333,0.073452519,-0.029865572,0.087263217,0.006238468,0.220935067,-0.633973735,-0.047461871,1.096324427,1.40666282,0.019822697
5.8,0.068956051,-0.025318816,0.087266464,0.014626771,0.217027177,-0.640489606,-0.020127708,1.044902911,1.435510284,0.022373784
5.816666667,0.091971585,-0.019832899,0.087266461,0.014307245,0.224223835,-0.66224735,0.009155227,0.994415034,1.463749294,0.03564224
5.833333333,-0.000184363,-0.01482348,0.090227348,0.013529257,0.126760965,-0.664846891,-0.010078775,0.952882923,1.476491562,0.028146899
5.85,0.04607725,-0.041086326,0.087266461,0.022324383,0.166932052,-0.661602721,-0.035123585,0.901064469,1.480121489,0.017137567
5.866666667,-0.063082194,-0.062698204,0.08726646,0.02995571,0.064655621,-0.661524694,-0.012648639,0.824378609,1.502282848,0.01221735
5.883333333,-0.092124833,-0.059339975,0.090798271,0.022873382,0.032308152,-0.65485466,0.034598575,0.752106896,1.536607153,-0.00586914
5.9,-0.130727466,-0.044395444,0.08726646,0.007732119,0.002458745,-0.655667656,0.021813499,0.71129464,1.529293903,-0.037766682
5.916666667,-0.09087892,-0.029936189,0.087266458,-0.007444659,0.040500223,-0.655357587,0.008786926,0.659777539,1.503967656,-0.058549429
5.933333333,-0.073516394,-0.026587128,0.087266457,-0.011596143,0.055046526,-0.666666096,0.020762554,0.580199868,1.485784766,-0.042817668
5.95,-0.055572207,-0.007943632,0.087973949,0.004699463,0.075154285,-0.670619913,0.030761071,0.503584388,1.480182173,-0.008031884
5.966666667,-0.062157856,-0.023227618,0.087266465,0.006234035,0.074959042,-0.673071919,0.026220084,0.45074063,1.483050583,-0.000781773
5.983333333,-0.055967247,-0.023503147,0.087280041,0.014719345,0.076269583,-0.676242035,0.041453521,0.405103237,1.492274044,-0.00973763
6.0,-0.073916119,-0.02573408,0.087399135,0.017272438,0.048114332,-0.679703053,0.102489276,0.339699793,1.514070397,-0.006346597
6.016666667,-0.076075016,-0.027304712,0.087268087,0.023500257,0.045257994,-0.680344686,0.155357013,0.268097305,1.557907104,0.022285606
6.033333333,-0.078500589,-0.027067617,0.089317436,0.03400149,0.046411403,-0.671784168,0.164661656,0.212223742,1.563769816,0.049255002
6.05,-0.108558641,-0.023585908,0.087266461,0.00876605,0.009273803,-0.658401066,0.138424778,0.183788522,1.555953025,0.057166218
6.066666667,-0.082970997,-0.015902945,0.087278085,-0.007668214,0.029365755,-0.649423378,0.117094221,0.167518691,1.533253788,0.055008458
6.083333333,-0.083118931,-0.016700541,0.087266462,-0.00995547,0.024616912,-0.652587537,0.142718028,0.161099659,1.511888743,0.053015767
6.1,-0.086742806,-0.018208509,0.087287077,-0.009119206,0.013105898,-0.652264356,0.1929993,0.153196069,1.514492511,0.057073974
6.116666667,-0.146095625,-0.025393739,0.087266462,0.006540388,-0.05497768,-0.644740613,0.224059048,0.15466489,1.548703547,0.068065215
6.133333333,-0.092827689,-0.023979572,0.087266458,-0.00291615,-0.010019361,-0.636751295,0.21898657,0.160356117,1.564021588,0.077583366
6.15,-0.080031486,-0.017005181,0.081860682,0.002349886,-0.011453773,-0.632388907,0.251777894,0.164083462,1.572259786,0.070429636
6.166666667,-0.077666486,-0.013324551,0.079921234,0.012420127,-0.011742135,-0.624853379,0.238700872,0.167993312,1.564744233,0.074466679
6.183333333,-0.189964336,-0.016784085,0.087266458,0.008531439,-0.127112106,-0.620514694,0.233614721,0.177185899,1.541766525,0.076671401
6.2,-0.133045545,-0.01246782,0.087266463,0.008891626,-0.082904451,-0.615713156,0.233532075,0.198325258,1.503354075,0.087185063
6.216666667,-0.104972647,-0.010397127,0.087266457,0.000149889,-0.053613087,-0.611932322,0.270678692,0.218346984,1.452605612,0.087097531
6.233333333,-0.05383571,-0.007219124,0.067465649,0.008341062,-0.008568478,-0.618652662,0.272493276,0.239027444,1.436243412,0.087861403
6.25,-0.056668625,-0.008955643,0.074880016,0.003310317,-0.003054228,-0.611771284,0.279535964,0.24595069,1.42248941,0.082619452
6.266666667,-0.160972886,-0.008050931,0.087266463,-0.004737506,-0.090953454,-0.605201763,0.273369537,0.247774104,1.426257728,0.079309202
6.283333333,-0.071373208,-0.008769396,0.087277705,-0.005554874,-0.007060521,-0.606937669,0.30059869,0.251304849,1.437564363,0.080916493
6.3,-0.06240489,-0.008956808,0.087328592,-0.00427238,-0.002810956,-0.604213937,0.343800927,0.255648144,1.449073672,0.088328686
6.316666667,-0.145717105,-0.003761841,0.087266463,0.003201828,-0.079738276,-0.596838824,0.37163332,0.25530702,1.464780925,0.113814835
6.333333333,-0.124104522,-0.008813638,0.087266457,0.010956193,-0.051892031,-0.580680848,0.421785685,0.235380718,1.473947641,0.125428455
6.35,-0.078926083,-0.00987035,0.087926867,0.01211207,-0.002607919,-0.56247849,0.446650778,0.223081139,1.49115934,0.12551997
6.366666667,-0.113632762,-0.019986035,0.087266465,0.045636962,-0.030370513,-0.560650658,0.441031611,0.232480641,1.469712515,0.101773235
6.383333333,-0.120283959,-0.016658279,0.087266464,0.051857312,-0.037160063,-0.55780978,0.363226893,0.246002255,1.467848193,0.079058446
6.4,-0.113362971,-0.009646527,0.087266647,0.050871819,-0.035886146,-0.559261176,0.334581375,0.24042938,1.479645272,0.089764173
6.416666667,-0.110673576,-0.014040852,0.087266458,0.042643818,-0.027922168,-0.561241333,0.369260806,0.222401022,1.518291584,0.130481751
6.433333333,-0.10767696,-0.016231708,0.087266456,0.042959646,-0.011901282,-0.574394695,0.412921454,0.223464468,1.56377849,0.168193148
6.45,-0.109941507,-0.016517621,0.087266458,0.049347476,-0.010847716,-0.590293829,0.379390322,0.239070817,1.5706855,0.18628278
6.466666667,-0.092744825,-0.013765984,0.087266459,0.062795851,0.00869165,-0.587982346,0.355589199,0.243358383,1.542767283,0.174903967
6.483333333,-0.095698312,-0.011163228,0.087266458,0.064782629,0.000432932,-0.582670919,0.357954496,0.246757393,1.511235128,0.157542655
6.5,-0.002508249,-0.00845357,0.08726646,0.040401257,0.092910741,-0.587504963,0.358139744,0.262107286,1.50171077,0.159208196
6.516666667,0.036831917,-0.008863941,0.087266463,0.026133146,0.137505522,-0.599085576,0.395744007,0.289396319,1.460061899,0.150395342
6.533333333,0.032328618,-0.004561967,0.087266464,0.02355977,0.131327675,-0.615514898,0.404022497,0.330008323,1.448028109,0.134912627
6.55,0.002969779,-0.00036137,0.087266464,0.028015542,0.114310203,-0.634782838,0.375234124,0.365559754,1.453333012,0.123767847
6.566666667,-0.021087623,-0.006797473,0.087266462,0.038874555,0.099976372,-0.638270578,0.345187087,0.393110564,1.420549629,0.10472557
6.583333333,-0.041779381,-0.01485428,0.087266457,0.04694941,0.092011213,-0.636623348,0.327821198,0.41301639,1.368097652,0.075295315
6.6,-0.000930179,-0.020319614,0.087266462,0.049094029,0.141291151,-0.638486603,0.328025261,0.445456165,1.351016871,0.046484152
6.616666667,0.024289936,-0.020932993,0.087266463,0.047015757,0.175435509,-0.643350826,0.299851839,0.496902266,1.376090806,0.031325493
6.633333333,0.021059771,-0.011633111,0.087266462,0.053250243,0.181626843,-0.643529646,0.236141002,0.560610004,1.405707711,0.030257263
6.65,0.005551992,-0.003505174,0.087266458,0.063794797,0.152896965,-0.648015769,0.215117865,0.624725451,1.442920935,0.037046234
6.666666667,-0.025702859,0.003488706,0.087286982,0.073290971,0.118460685,-0.66483065,0.204926159,0.681733762,1.448416845,0.038182711
6.683333333,0.057983549,0.0118635,0.072372333,0.057607686,0.188333431,-0.683136937,0.236464937,0.729667975,1.435203171,0.020151943
6.7,0.073230259,0.019719792,0.062074501,0.055190644,0.201969389,-0.701572052,0.193685208,0.793666631,1.45049217,0.007329284
6.716666667,0.050888351,0.032744589,0.075351218,0.053346405,0.166354551,-0.708836516,0.171280631,0.870535079,1.546661062,-0.003571441
6.733333333,-0.027923306,0.047522523,0.087267626,0.058212521,0.082940567,-0.713613254,0.163924573,0.935617159,1.607507836,0.018008192
6.75,-0.04017686,0.061110149,0.087266462,0.068274209,0.071608937,-0.723654211,0.177770614,0.99553786,1.559681894,0.024238172
6.766666667,-0.071450159,0.062325134,0.087266463,0.077335483,0.044855352,-0.748538937,0.207139978,1.0531323,1.45108856,0.018644823
6.783333333,-0.098258602,0.061819943,0.087771587,0.114259447,0.03919918,-0.774541174,0.205254894,1.120179267,1.43331731,0.026651703
6.8,-0.064792439,0.062276699,0.087266466,0.097851047,0.070346648,-0.809406252,0.269115614,1.173651933,1.453261135,0.009595441
6.816666667,-0.083361408,0.060834677,0.087266462,0.102548246,0.05332671,-0.830516647,0.353564264,1.193798553,1.441018493,-0.010903046
6.833333333,-0.077644093,0.061110903,0.087266464,0.104625531,0.063185896,-0.845533184,0.412416965,1.21051789,1.400491258,-0.001061647
6.85,-0.044805613,0.065307341,0.087266458,0.114502345,0.08391213,-0.860111805,0.460590397,1.242584023,1.350334621,0.036880815
6.866666667,-0.031249884,0.075435652,0.087266468,0.118475391,0.087060419,-0.888176112,0.441022524,1.298436882,1.288402513,0.048897909
6.883333333,-0.030781679,0.080061676,0.087266465,0.120530964,0.075195956,-0.908930215,0.458873903,1.338803663,1.241842855,0.036537242
6.9,-0.05709958,0.081364421,0.087266467,0.126486686,0.049259971,-0.936137731,0.523380339,1.361384148,1.257251508,0.019311086
6.916666667,-0.084563394,0.077248908,0.087266461,0.14182966,0.029787202,-0.956508775,0.546961201,1.375573173,1.237431329,0.022216086
6.933333333,-0.104471956,0.076440666,0.087266462,0.147473627,0.015274441,-0.971436756,0.580633854,1.381090054,1.219899404,0.021839545
6.95,-0.136105086,0.079558818,0.087266464,0.135695844,-0.016251199,-0.971047181,0.609468422,1.388118995,1.184931268,0.001589028
6.966666667,-0.09341241,0.083950628,0.08853083,0.140855851,0.025952906,-0.985444557,0.632158851,1.402214151,1.137960293,0.000205613
6.983333333,-0.118968143,0.097420875,0.087266457,0.115454288,-0.01410341,-0.980174423,0.708017577,1.412171244,1.123164401,6.95e-05
7.0,-0.104698355,0.100818103,0.08726646,0.118793827,-0.006164081,-0.998712899,0.814020934,1.432433014,1.098376622,-0.032776323
7.016666667,-0.102117853,0.099152509,0.088835728,0.131352381,0.000800747,-1.007483215,0.894810979,1.447111135,1.012820626,-0.056006827
7.033333333,-0.101052013,0.103872015,0.087330297,0.115051509,-0.003771643,-1.022955985,0.958860654,1.44394397,0.827796043,-0.060813564
7.05,-0.086746156,0.103092048,0.087758786,0.121446511,-0.009043025,-1.003398591,0.972917509,1.426503303,0.87921254,-0.003474793
7.066666667,-0.107663014,0.108001964,0.087271862,0.111169268,-0.035702457,-0.989523305,1.021219253,1.406221627,0.922107918,0.035084519
7.083333333,-0.147448184,0.105424124,0.08074139,0.10994784,-0.082805345,-0.974788886,1.091636729,1.388502123,0.97596883,0.072635299
7.1,-0.158598826,0.109493039,0.078177599,0.108440496,-0.096506595,-0.976423545,1.135538688,1.375850919,0.968188595,0.12193227
7.116666667,-0.170237662,0.109970064,0.07875577,0.102330541,-0.108540331,-0.963202513,1.205161915,1.34349083,0.922395348,0.158120678
7.133333333,-0.156802929,0.111329027,0.075317975,0.092363451,-0.099703207,-0.920296731,1.222846042,1.29723621,0.887414085,0.169549911
7.15,-0.160883595,0.107127122,0.071632704,0.088902864,-0.110156294,-0.899422545,1.246614951,1.265792009,0.903264774,0.155794399
7.166666667,-0.16320963,0.100570907,0.071073324,0.100044496,-0.126278588,-0.889803053,1.307023399,1.246828074,0.982404398,0.116199115
7.183333333,-0.174234054,0.083516304,0.060920446,0.118720781,-0.159653243,-0.893495985,1.368490087,1.230103619,1.023956072,0.1176071
7.2,-0.164664778,0.078101533,0.050813507,0.116332742,-0.169016033,-0.874256669,1.400622839,1.202171552,0.983656622,0.18142639
7.216666667,-0.155854389,0.083536029,0.04276049,0.111422368,-0.16612665,-0.859320934,1.442366837,1.184203987,0.885076176,0.221353727
7.233333333,-0.162794118,0.091705875,0.03664099,0.104827256,-0.175864068,-0.841193631,1.445780991,1.175089703,0.817940094,0.245222907
7.25,-0.087100602,0.090986274,0.024140846,0.11995977,-0.121252534,-0.82947707,1.516024803,1.157626149,0.788582059,0.311577248
7.266666667,-0.171550015,0.086801135,0.03312058,0.0991571,-0.198496645,-0.827344842,1.530987873,1.140747336,0.733851249,0.338010254
7.283333333,-0.17065552,0.08123803,0.040363171,0.10053068,-0.213561321,-0.81611987,1.534874556,1.137309884,0.696836927,0.325238098
7.3,-0.160010797,0.076567051,0.033895325,0.102007283,-0.206550845,-0.805997177,1.555087806,1.142145851,0.710739667,0.327181624
7.316666667,-0.089341224,0.068832846,0.006695345,0.104685884,-0.16453927,-0.783602667,1.573133364,1.131962136,0.766043818,0.416370932
7.333333333,-0.098819624,0.06819877,-0.00049875,0.085359392,-0.173909109,-0.74694395,1.618317587,1.09452012,0.788534569,0.521774868
7.35,-0.156490941,0.066884419,-0.000829185,0.090325994,-0.245904271,-0.698568936,1.614874852,1.08340671,0.805308355,0.541303749
7.366666667,-0.169043699,0.069524749,-0.004858467,0.093478421,-0.267640363,-0.696552915,1.711233029,1.105302205,0.794295499,0.48037329
7.383333333,-0.071156886,0.07657898,-0.020740191,0.088432613,-0.191722915,-0.69963957,1.773760196,1.120875979,0.747489145,0.455338093
7.4,-0.141951248,0.06767454,-0.017833078,0.060083979,-0.261563732,-0.697879794,1.800514812,1.129953615,0.707860527,0.486954746
7.416666667,-0.123432308,0.060942241,-0.020419495,0.069343972,-0.25284023,-0.711076484,1.868622892,1.157497274,0.637175037,0.416837502
7.433333333,-0.065128199,0.061122578,-0.01591925,0.070860719,-0.207579617,-0.730739319,1.921293735,1.203220049,0.602789015,0.252163228
7.45,-0.093585112,0.066481011,-0.010060914,0.080327365,-0.232511411,-0.728657756,1.89673806,1.222005475,0.627193016,0.212990255
7.466666667,-0.111975423,0.06866944,-0.012886943,0.089103685,-0.248504164,-0.742782673,1.949240558,1.244278168,0.612788397,0.174846716
7.483333333,-0.116342526,0.067906752,-0.008828199,0.082547186,-0.256055646,-0.75272226,1.988620266,1.259221934,0.563179745,0.158720595
7.5,-0.039743498,0.073319026,-0.007029988,0.06924673,-0.19149857,-0.766555016,2.012144567,1.268260242,0.504116952,0.153413871
7.516666667,-0.062272207,0.062628581,-0.000361721,0.05844483,-0.210911667,-0.750943907,2.017056227,1.260982732,0.476404667,0.163685167
7.533333333,-0.054311576,0.055367316,-0.004964618,0.05623317,-0.217589302,-0.728806109,1.981561669,1.242723937,0.50700318,0.182884403
7.55,-0.020056331,0.050701021,-0.014862934,0.062424819,-0.204879266,-0.725924006,2.015952333,1.24856904,0.545634676,0.200803279
7.566666667,-0.032830187,0.056914171,0.002652793,0.056515542,-0.218442752,-0.74092963,2.060824387,1.271777642,0.506414943,0.20882008
7.583333333,-0.005815689,0.060692687,0.006905777,0.049145498,-0.189366607,-0.737582716,2.124270197,1.274021601,0.382610256,0.214876054
7.6,0.046002962,0.05558238,-0.006958025,0.059013356,-0.144877937,-0.687818261,2.121854293,1.244733451,0.301345549,0.242396827
7.616666667,0.080282713,0.046987809,-0.02235667,0.070922842,-0.124803949,-0.638951073,2.110818859,1.2162936,0.294872373,0.285665698
7.633333333,0.083349864,0.044316927,-0.025216247,0.070363141,-0.141162534,-0.631344566,2.087340841,1.221159347,0.337995696,0.297393208
7.65,0.081372658,0.046371995,-0.019618464,0.05704465,-0.140498856,-0.654006931,2.100202333,1.235144041,0.348373259,0.287335
7.666666667,0.073271289,0.05252504,-0.008095593,0.044822057,-0.144665591,-0.668763436,2.162323692,1.258972411,0.316394268,0.263286372
7.683333333,0.057248348,0.056045196,0.002225972,0.035458514,-0.147370374,-0.67918892,2.192671768,1.278625737,0.288625996,0.250520657
7.7,0.041735148,0.054813832,0.005773891,0.03002768,-0.155082114,-0.678224247,2.185828727,1.27965689,0.242183164,0.242030176
7.716666667,0.03821395,0.045416924,-0.002905985,0.031911055,-0.157598929,-0.663226629,2.185272936,1.266641718,0.201668403,0.255696134
7.733333333,0.04308353,0.036397198,-0.014676409,0.044316799,-0.17675194,-0.633293045,2.135330696,1.245621407,0.2007007,0.278362219
7.75,0.055974535,0.034482922,-0.01656211,0.052840611,-0.171635109,-0.620322278,2.094388495,1.220296641,0.211779252,0.271092844
7.766666667,0.069703045,0.036027869,-0.018715577,0.051059557,-0.164585122,-0.613129827,2.096283689,1.217110995,0.259956695,0.224212508
7.783333333,0.072566426,0.040104846,-0.019815645,0.034920748,-0.164215625,-0.607840467,2.042032239,1.221109115,0.343150332,0.179944827
7.8,0.064089911,0.036869068,-0.026519623,0.027893873,-0.160159177,-0.617850849,2.039205075,1.252457615,0.485871472,0.057693706
7.816666667,0.052089027,0.02264209,-0.047405338,0.042194511,-0.170520693,-0.628272015,2.038736813,1.268867382,0.551371991,0.005737081
7.833333333,0.047793811,0.025356294,-0.037776143,0.055455659,-0.1665868,-0.636033663,1.984650357,1.27094615,0.557739108,0.011996006
7.85,0.047964806,0.012556611,-0.055435189,0.066250297,-0.164938859,-0.644226771,1.955914157,1.270029781,0.521346854,0.016289362
7.866666667,0.044919261,0.032374558,-0.032564757,0.056892019,-0.149875011,-0.640790352,1.934722176,1.257768046,0.385122595,-0.024498982
7.883333333,0.044297368,0.028608572,-0.034279778,0.054357002,-0.150996527,-0.629593564,1.900452238,1.237838518,0.419102629,-0.002261627
7.9,0.039111221,0.024928113,-0.038172989,0.05059941,-0.158716657,-0.618061421,1.874650837,1.227535813,0.463099447,0.018549549
7.916666667,0.03398873,0.017862355,-0.039497413,0.04291727,-0.169112384,-0.620824039,1.829293494,1.224643329,0.490352455,0.033062778
7.933333333,0.025088574,0.00681606,-0.03917318,0.043154595,-0.172426587,-0.665218927,1.763534924,1.235253198,0.476499129,0.056488969
7.95,0.035532009,-0.002635962,-0.041403436,0.045417162,-0.16701934,-0.698083419,1.728026405,1.247905865,0.480103595,0.136108226
7.966666667,0.050144027,-0.006658555,-0.043673773,0.047902145,-0.152257483,-0.719482046,1.694878582,1.268587857,0.579965937,0.202332536
7.983333333,0.048396545,-0.0025745,-0.040660416,0.039800255,-0.139398414,-0.73526101,1.716087341,1.2895273,0.679268256,0.206552234
8.0,0.031446362,-0.002323181,-0.041842973,0.037402867,-0.139673872,-0.75640138,1.740924013,1.303447969,0.680335162,0.178900662
8.016666667,0.049205598,-0.007889787,-0.050320098,0.042667234,-0.118322439,-0.761104278,1.772733085,1.313822509,0.565521026,0.134853702
8.033333333,0.062889627,-0.016852599,-0.064736881,0.048404236,-0.096788483,-0.798033314,1.768020513,1.33616112,0.478109345,0.081319111
8.05,0.046552322,-0.024959244,-0.070558454,0.050704307,-0.097355713,-0.852196135,1.787193175,1.364312415,0.505599144,0.090055021
8.066666667,0.069506009,-0.02917393,-0.063399875,0.039540135,-0.065764335,-0.852373043,1.770456431,1.361713882,0.56229059,0.158942519
8.083333333,0.059425557,-0.036669294,-0.052540844,0.042677107,-0.060714225,-0.8110468,1.750231503,1.348133817,0.615444845,0.190024236
8.1,0.037000365,-0.042319908,-0.047145294,0.042744069,-0.057272382,-0.774237244,1.750734807,1.350971569,0.66985953,0.167491853
8.116666667,0.052390858,-0.040460902,-0.045918232,0.041039603,-0.03341166,-0.764362802,1.769901509,1.36839616,0.695235245,0.155245765
8.133333333,0.051521552,-0.04081775,-0.051838424,0.039467279,-0.025047373,-0.759696897,1.802063354,1.374117633,0.637081289,0.11125709
8.15,0.045598124,-0.043417195,-0.045635266,0.036714847,,,,,,
8.166666667,0.013855979,-0.046660247,-0.033872303,0.041739891,,,,,,
8.183333333,-0.058075961,-0.044803821,-0.015165324,0.040580661,,,,,,
8.2,-0.12464863,-0.045237629,0.001834903,0.028699949,,,,,,
8.216666667,-0.128837184,-0.049792178,0.012200594,0.016778814,,,,,,
8.233333333,-0.117094448,-0.05511447,0.01467522,0.035071324,,,,,,
8.25,-0.088011495,-0.051296916,0.021231474,0.040645395,,,,,,
8.266666667,-0.074842059,-0.045969129,0.030508444,0.03334987,0.036614167,-0.94131091,1.692597252,1.463915826,0.465366321,-0.034499639
8.283333333,-0.107249082,-0.054068815,0.036225131,0.031429666,0.023063849,-0.949914309,1.685351758,1.457985756,0.542552459,0.060981059
8.3,-0.151628521,-0.059893571,0.042007552,0.042734257,-0.002627908,-0.958484856,1.708439391,1.423176643,0.576288763,0.196880692
8.316666667,-0.120465019,-0.054262917,0.035028095,0.047618035,0.028096512,-0.946968382,1.742323555,1.38081765,0.622788874,0.271360929
8.333333333,-0.062468124,-0.045829282,0.028811887,0.027197384,0.081884917,-0.941206909,1.736380959,1.358642716,0.654409154,0.282692775
8.35,-0.042353343,-0.042220728,0.021022297,0.021401305,0.10701382,-0.954364549,1.730263221,1.37637018,0.666062052,0.246587487
8.366666667,-0.062683139,-0.043365603,0.021224589,0.032191513,0.093879521,-0.941324193,1.660097236,1.384909028,0.681612471,0.229704495
8.383333333,-0.098753297,-0.043734385,0.04586018,0.053078677,0.076894265,-0.935919527,1.648958433,1.382032863,0.693382229,0.241834567
8.4,-0.126937478,-0.046917475,0.065217782,0.043348697,0.054401287,-0.936482177,1.734737062,1.37530623,0.612295495,0.246964753
8.416666667,-0.15394268,-0.051745966,0.068368423,0.024286666,0.040246091,-0.996220759,1.82660275,1.371993297,0.444888785,0.27593682
8.433333333,-0.188391821,-0.046872925,0.062553497,-0.008534452,0.004667747,-1.050577791,1.83261491,1.339554083,0.40269686,0.446637651
8.45,-0.191493462,-0.037205273,0.054519857,-0.028416971,-0.003019842,-1.090084137,1.750543864,1.313070067,0.484563876,0.558896644
8.466666667,-0.199778498,-0.028147519,0.061002569,-0.056883472,-0.005450459,-1.128745144,1.627564159,1.320509228,0.63166431,0.516059851
8.483333333,-0.226481345,-0.026435206,0.065672074,-0.046386477,-0.032485511,-1.163362389,1.494405136,1.342978718,0.768989138,0.417700465
8.5,-0.2605037,-0.029412263,0.082354842,-0.039177638,-0.070594403,-1.169765328,1.502389916,1.346187481,0.818122007,0.372191527
8.516666667,-0.218399205,-0.023819596,0.081264924,-0.018329246,-0.06682665,-1.129108109,1.442515169,1.343681238,0.789379152,0.406731846
8.533333333,-0.137731932,-0.014447308,0.065604049,0.001540685,-0.025069419,-1.09545206,1.440105951,1.35389597,0.742047682,0.394460195
8.55,-0.12854893,-0.009402287,0.054515038,0.020108863,-0.019796024,-1.081381272,1.577225668,1.373782837,0.664814264,0.31419232
8.566666667,-0.144809073,-0.002084067,0.05291597,0.018412179,-0.036848635,-1.069324168,1.56818499,1.405070664,0.633384452,0.189845807
8.583333333,-0.141625599,0.000597741,0.05670274,0.003524183,-0.048505471,-1.062050979,1.561357496,1.441465002,0.604851545,0.067251192
8.6,-0.113865324,-0.002526639,0.04664519,-0.005931916,-0.047163725,-1.073033252,1.593274956,1.453580498,0.561615151,0.074375683
8.616666667,-0.073188564,-0.015716539,0.020217663,0.010450609,-0.038103028,-1.082764443,1.665642745,1.439069769,0.661282813,0.189209723
8.633333333,-0.059536231,-0.02094721,-0.003537906,0.024595744,-0.065333383,-1.050252546,1.658207774,1.407293196,0.856837558,0.240594747
8.65,-0.041520358,-0.013189779,-0.01269236,0.011905671,-0.070757246,-0.987112116,1.628591908,1.371516697,0.941783104,0.193362329
8.666666667,-0.034229647,-0.010725354,-0.034515569,0.016368514,-0.065951202,-0.965713884,1.685282893,1.360927794,0.810991717,0.11675399
8.683333333,-0.005229544,-0.014877561,-0.06035943,0.016706799,-0.03558148,-1.005034157,1.734108861,1.375978588,0.663204076,0.044953251
8.7,-0.019610441,-0.028636532,-0.068089933,0.018524839,-0.083326447,-0.998329533,1.764736897,1.366459709,0.587350477,0.112047927
8.716666667,-0.002202047,-0.03271346,-0.081508293,0.018193416,-0.095331902,-1.010817237,1.76069379,1.338349564,0.498877831,0.179651554
8.733333333,0.012372637,-0.023966653,-0.101164926,0.016296458,-0.102780528,-0.997505373,1.710971445,1.312667403,0.538290801,0.20991194
8.75,0.039814013,-0.012090341,-0.113716857,0.017459029,-0.074842995,-1.013689664,1.716116922,1.31703639,0.670736365,0.173107234
8.766666667,0.058023767,-0.009747027,-0.109592214,0.014477056,-0.084158808,-1.020613077,1.567280767,1.318473687,0.746937883,0.17238863
8.783333333,0.068472089,-0.010743753,-0.103229947,0.00550736,-0.120807696,-1.041761135,1.568902859,1.318776711,0.726866343,0.210091643
8.8,0.153131899,-0.01291254,-0.115426457,0.001416104,-0.084985257,-1.107394913,1.515758076,1.332297569,0.650971821,0.22993261
8.816666667,0.235107894,-0.008635697,-0.12297604,0.00336937,-0.023673253,-1.177158496,1.70244681,1.340960396,0.657116815,0.233581983
8.833333333,0.288237964,-0.006635501,-0.131365243,0.009316035,-0.001814601,-1.18418425,1.603582518,1.323600305,0.875056529,0.268293595
8.85,0.275515425,-0.015750795,-0.146587776,0.019091477,-0.032084427,-1.180014875,1.64977412,1.28475977,0.994155094,0.29665668
8.866666667,0.275333046,-0.038011728,-0.176932791,0.031293101,-0.068551165,-1.150996652,1.793160076,1.242299325,0.941470774,0.297225882
8.883333333,0.242776636,-0.044445906,-0.197029557,0.039011705,-0.121760412,-1.113427693,1.812942923,1.207442774,0.866531564,0.279441202
8.9,0.257997721,-0.038113688,-0.220935573,0.04705043,-0.157684541,-1.04014601,1.685628643,1.172170286,0.832771004,0.262159949
8.916666667,0.293330342,-0.037721415,-0.249556583,0.055237023,-0.167456163,-1.006594967,1.699204671,1.152136705,0.787852985,0.254765013
8.933333333,0.316226571,-0.046725707,-0.27691131,0.052061245,-0.183815057,-1.026248435,1.884458156,1.154286399,0.666400486,0.216629168
8.95,0.355941589,-0.058187171,-0.309314488,0.039415443,-0.197662554,-1.061810295,1.892525786,1.153303845,0.586115663,0.142967862
8.966666667,0.395014108,-0.06143737,-0.344040628,0.031895067,-0.227203121,-1.028985147,1.807464007,1.117217769,0.574728552,0.085399997
8.983333333,0.451790083,-0.063583765,-0.387680805,0.048927364,-0.242674783,-0.982368769,1.819549911,1.08577943,0.521599126,0.022425731
9.0,0.490451135,-0.063903909,-0.426716267,0.075502552,-0.277398204,-0.965629979,1.832948331,1.074189177,0.616501272,0.018020574
9.016666667,0.521549818,-0.058902776,-0.461608223,0.09559514,-0.300832057,-0.97026848,1.83527875,1.053120731,0.698071405,0.052054761
9.033333333,0.593790353,-0.056161675,-0.500096558,0.111454023,-0.280483569,-0.973856454,1.831561717,1.018468482,0.770033357,0.13846636
9.05,0.570501186,-0.054164685,-0.532977813,0.119726793,-0.358526845,-0.972618526,1.771183469,0.991401074,0.809154603,0.195368759
9.066666667,0.57399822,-0.054083519,-0.562883868,0.116288582,-0.422561022,-0.970013115,1.693189761,0.981021871,0.878147429,0.114448413
9.083333333,0.586861314,-0.061798991,-0.585105297,0.113605872,-0.47790375,-0.98437378,1.647265056,0.982485057,1.013542794,0.046597772
9.1,0.616968729,-0.074197901,-0.593869865,0.120387818,-0.493307581,-0.99279501,1.584771162,0.974480748,1.046285518,0.030092277
9.116666667,0.675645356,-0.082816718,-0.607251682,0.125987657,-0.461785722,-0.986718981,1.639397141,0.955410249,0.855133138,0.017159621
9.133333333,0.726427669,-0.07502519,-0.633683147,0.111798568,-0.45614047,-0.990630555,1.570002165,0.940836868,0.763540188,0.061305749
9.15,0.753464586,-0.059061298,-0.673332759,0.105370249,-0.489947902,-1.026868745,1.498541358,0.942013015,0.728530751,0.107644093
9.166666667,0.78565185,-0.052256399,-0.715426129,0.117456702,-0.544293106,-1.034649229,1.355538495,0.932575576,0.736381332,0.118932709
9.183333333,0.810287417,-0.070877556,-0.749077694,0.133150777,-0.60119409,-0.999930915,1.190900469,0.902332006,0.766385114,0.101370671
9.2,0.89866329,-0.100171613,-0.778240203,0.137738546,-0.58556794,-0.932386406,1.213165044,0.839383763,0.787471197,0.09662523
9.216666667,0.954969404,-0.123150922,-0.798806161,0.131536726,-0.575521761,-0.88427487,1.289431443,0.78469907,0.812635468,0.136415568
9.233333333,0.996741186,-0.141261424,-0.820554011,0.122491059,-0.574151792,-0.883077623,1.364843487,0.770095595,0.900100063,0.142855022
9.25,1.028907805,-0.15650416,-0.854489914,0.124890041,-0.579747621,-0.873876369,1.374729399,0.756431517,1.006010885,0.104857661
9.266666667,1.056812402,-0.166272433,-0.896395772,0.164638258,-0.596662865,-0.883478995,1.369787234,0.754032334,1.116560569,0.072982382
9.283333333,1.073830828,-0.169545881,-0.931612654,0.199299791,-0.634073208,-0.92746663,1.289107086,0.789848693,1.244761218,0.079473148
9.3,1.097286579,-0.169609877,-0.951733577,0.217566277,-0.641550538,-0.963938551,1.216272213,0.831823546,1.338452566,0.101169929
9.316666667,1.184174299,-0.181697474,-0.982017408,0.22563692,,,,,,
9.333333333,1.270987167,-0.196279741,-1.020770783,0.224211841,,,,,,
9.35,1.283058533,-0.195878198,-1.052634573,0.229155173,,,,,,
9.366666667,1.299732524,-0.184345639,-1.091426485,0.252199798,,,,,,
9.383333333,1.314428337,-0.192201767,-1.134299994,0.275540985,,,,,,
9.4,1.346939799,-0.217563982,-1.175936104,0.299474712,,,,,,
9.416666667,1.396414425,-0.23609056,-1.210138227,0.316511014,,,,,,
9.433333333,1.419776304,-0.241782724,-1.238783823,0.33724201,,,,,,
9.45,1.421975393,-0.253269529,-1.265799153,0.356286719,,,,,,
9.466666667,1.46846892,-0.254652236,-1.282311799,0.368064094,,,,,,
9.483333333,,,,,,,,,,
9.5,,,,,,,,,,
9.516666667,,,,,,,,,,
9.533333333,,,,,,,,,,
9.55,,,,,,,,,,
9.566666667,,,,,,,,,,
9.583333333,,,,,,,,,,
9.6,,,,,,,,,,
9.616666667,,,,,,,,,,
9.633333333,,,,,,,,,,
9.65,,,,,,,,,,
9.666666667,,,,,,,,,,
9.683333333,,,,,,,,,,
9.7,,,,,,,,,,
9.716666667,,,,,,,,,,
9.733333333,,,,,,,,,,
9.75,,,,,,,,,,
9.766666667,,,,,,,,,,
9.783333333,,,,,,,,,,
9.8,,,,,,,,,,
9.816666667,,,,,,,,,,
9.833333333,,,,,,,,,,
9.85,,,,,,,,,,
9.866666667,,,,,,,,,,
9.883333333,,,,,,,,,,
9.9,,,,,,,,,,
9.916666667,,,,,,,,,,
9.933333333,,,,,,,,,,
9.95,,,,,,,,,,
9.966666667,,,,,,,,,,
9.983333333,,,,,,,,,,
10.0,,,,,,,,,,
10.01666667,,,,,,,,,,
10.03333333,,,,,,,,,,
10.05,,,,,,,,,,
10.06666667,,,,,,,,,,
10.08333333,,,,,,,,,,
10.1,,,,,,,,,,
10.11666667,,,,,,,,,,
10.13333333,,,,,,,,,,
10.15,,,,,,,,,,
10.16666667,,,,,,,,,,
10.18333333,,,,,,,,,,
10.2,,,,,,,,,,
10.21666667,,,,,,,,,,
10.23333333,,,,,,,,,,
10.25,,,,,,,,,,
10.26666667,,,,,,,,,,
10.28333333,,,,,,,,,,
10.3,,,,,,,,,,
10.31666667,,,,,,,,,,
10.33333333,,,,,,,,,,
10.35,,,,,,,,,,
10.36666667,,,,,,,,,,
10.38333333,1.493779735,-0.26870038,-1.691451158,0.525680305,,,,,,
10.4,1.447877672,-0.283606098,-1.654283406,0.524345075,-0.726968095,-1.0077274,0.526613535,0.563285588,1.221515327,0.108606363
10.41666667,1.41184795,-0.287429621,-1.61620606,0.516367133,-0.705188016,-1.0014926,0.379064287,0.543401609,1.213998567,0.117318621
10.43333333,1.394265786,-0.278508881,-1.573762782,0.514319341,-0.695325049,-0.967776157,0.340109064,0.500698326,1.222996126,0.111815105
10.45,1.369203097,-0.26407967,-1.529424694,0.511799568,-0.674299017,-0.930152987,0.34325322,0.445270429,1.239933979,0.10540438
10.46666667,1.285986551,-0.250258105,-1.485901121,0.486573579,-0.689721018,-0.910639253,0.346958892,0.392928593,1.245190132,0.100607798
10.48333333,1.186754812,-0.234697131,-1.445029383,0.469917354,-0.713848921,-0.903088907,0.424148942,0.34714807,1.202121497,0.078934201
10.5,1.166399116,-0.227076819,-1.402448274,0.462293767,-0.673718268,-0.899467959,0.451493777,0.310776198,1.165176052,0.075940013
10.51666667,1.183498238,-0.221400642,-1.357042321,0.464935525,-0.599615112,-0.893935483,0.433612048,0.288559112,1.162365781,0.090631772
10.53333333,1.185211888,-0.218156413,-1.315811141,0.465831539,-0.542808012,-0.864920138,0.4423253,0.271725025,1.186727993,0.090253298
10.55,1.128688906,-0.229576533,-1.281344872,0.460321528,-0.548142559,-0.836411133,0.449532591,0.26196692,1.278688907,0.072152971
10.56666667,1.042103053,-0.241083325,-1.249685996,0.450060869,-0.55487628,-0.830984701,0.397696378,0.264617705,1.368310455,0.047578728
10.58333333,0.993812571,-0.237440351,-1.222756371,0.424005725,-0.513774524,-0.82688519,0.346758286,0.26438179,1.420214905,0.026078334
10.6,0.916784437,-0.215960738,-1.188885905,0.394974664,-0.514091308,-0.813167723,0.30639332,0.263944363,1.440776358,0.03617148
10.61666667,0.847507182,-0.190191126,-1.14009405,0.355829381,-0.515626355,-0.790482566,0.270984238,0.259148321,1.480667728,0.055395645
10.63333333,0.75727698,-0.173303623,-1.085430473,0.345100128,-0.545283758,-0.762781927,0.272667693,0.249072666,1.519072664,0.055898973
10.65,0.684778274,-0.164554577,-1.028447737,0.347931287,-0.547293064,-0.7410223,0.300682445,0.242202759,1.456813572,0.054739883
10.66666667,0.629705731,-0.157795724,-0.973129963,0.341504577,-0.521916903,-0.748228328,0.320574644,0.254419375,1.35975755,0.06418981
10.68333333,0.603912948,-0.14870143,-0.925571722,0.314058354,-0.4720217,-0.742945837,0.23006264,0.28334373,1.377687202,0.0937732
10.7,0.593408468,-0.133252463,-0.885715781,0.292886947,-0.440107296,-0.730791676,0.251706365,0.288208634,1.401383399,0.087265852
10.71666667,0.563790813,-0.117206444,-0.837330213,0.277815587,-0.414808006,-0.72314267,0.269448099,0.271867627,1.436744955,0.107195859
10.73333333,0.550611336,-0.103002681,-0.784123026,0.250933971,-0.358329329,-0.70902215,0.296353337,0.24277218,1.476560485,0.118435511
10.75,0.538116741,-0.101469878,-0.737400222,0.233137946,-0.290402555,-0.705870629,0.283693594,0.217421862,1.517786732,0.148216866
10.76666667,0.525617411,-0.103414949,-0.698299466,0.2167232,-0.244677013,-0.69309741,0.284088331,0.210419681,1.529220216,0.172299639
10.78333333,0.48342301,-0.103481596,-0.652675242,0.206852799,-0.228057895,-0.697400589,0.368528648,0.213248557,1.421281463,0.169194129
10.8,0.461616944,-0.095423241,-0.603697277,0.199506678,-0.187085283,-0.698160691,0.341810466,0.231295906,1.476519819,0.164384319
10.81666667,0.438751297,-0.087938925,-0.555172608,0.199720141,-0.137680239,-0.692510458,0.29592459,0.244701875,1.518652541,0.14159213
10.83333333,0.40957771,-0.084569512,-0.507657298,0.196715314,-0.114670594,-0.6850462,0.284854615,0.244843717,1.673954015,0.123502908
10.85,0.345058254,-0.078014017,-0.445036639,0.173400222,-0.116593427,-0.674152127,0.276251335,0.237312954,1.713328245,0.108499831
10.86666667,0.274669824,-0.075089009,-0.385990351,0.161428726,-0.128908268,-0.670701275,0.277577604,0.22654909,1.736142162,0.118540667
10.88333333,0.205558371,-0.072088133,-0.331851131,0.160451078,-0.136882053,-0.660183191,0.290184383,0.219588101,1.727245453,0.114663976
10.9,0.164610285,-0.063117115,-0.279552284,0.156792648,-0.130007959,-0.657701338,0.313688182,0.226443864,1.667305689,0.117146824
10.91666667,0.136698658,-0.056091156,-0.236413077,0.147789674,-0.124165207,-0.653193952,0.328174953,0.233876521,1.561393851,0.140420156
10.93333333,0.109104211,-0.056927012,-0.208430788,0.137018299,-0.115086011,-0.645063795,0.274953087,0.249658055,1.55235757,0.145299682
10.95,0.09585288,-0.056704098,-0.185834153,0.115572196,-0.084516066,-0.636605158,0.243468158,0.264208518,1.537813659,0.146460294
10.96666667,0.076798699,-0.063615111,-0.156733977,0.114332354,-0.049154715,-0.632536474,0.216815637,0.275352805,1.472909694,0.146392161
10.98333333,0.039859029,-0.071696699,-0.118052861,0.115066059,-0.035162171,-0.624114202,0.219446267,0.26866072,1.41701472,0.140764594
11.0,0.018954425,-0.076303878,-0.088381807,0.121006723,-0.028732496,-0.60994364,0.249718823,0.244973241,1.414540756,0.15355885
11.01666667,0.007147949,-0.07824265,-0.065871907,0.11953839,-0.014938927,-0.602250155,0.256427668,0.243751974,1.42968571,0.157893209
11.03333333,-0.009184583,-0.071771192,-0.036027025,0.104349056,0.003698594,-0.612345682,0.230803173,0.279568403,1.41151967,0.136651235
11.05,-0.033805227,-0.064947776,-0.003863914,0.087475445,0.008350649,-0.615751461,0.223423414,0.303220871,1.314406391,0.111129988
11.06666667,-0.047782675,-0.063602152,0.023112115,0.0840762,0.03408373,-0.607447226,0.166179614,0.306364453,1.313418026,0.117048138
11.08333333,-0.078828018,-0.0706619,0.042529794,0.087964016,0.027969467,-0.604225988,0.11421488,0.296570167,1.337658759,0.118192829
11.1,-0.114194668,-0.073779762,0.054400459,0.084486607,0.008968476,-0.595535743,0.09578612,0.286647573,1.369548572,0.10989534
11.11666667,-0.137420133,-0.072779726,0.06501757,0.082208623,-0.01030017,-0.592943312,0.110782136,0.27690638,1.38372184,0.105253257
11.13333333,-0.090073313,-0.065401262,0.072352619,0.079973008,0.037788534,-0.578349966,0.131522232,0.26934445,1.385551205,0.116043557
11.15,-0.095818027,-0.058888446,0.087266451,0.076484384,0.052784477,-0.579885795,0.133289645,0.269186074,1.398844836,0.11253105
11.16666667,-0.094495857,-0.067780951,0.087266444,0.083268095,0.051712476,-0.575275667,0.141563058,0.263385469,1.433220642,0.095298512
11.18333333,-0.10370306,-0.051517035,0.088284414,0.088159298,0.053122743,-0.577876627,0.163617446,0.25763547,1.46282851,0.095061433
11.2,-0.086721657,-0.068157198,0.08726646,0.070538838,0.061744453,-0.568188266,0.174820846,0.246199304,1.472893842,0.097206009
11.21666667,-0.110773256,-0.056551338,0.087266278,0.077270555,0.043629918,-0.567212458,0.180752523,0.241476706,1.470501171,0.104185517
11.23333333,-0.121572983,-0.048390955,0.086693228,0.085236573,0.033874849,-0.568516303,0.199750738,0.24414277,1.46156908,0.101004556
11.25,-0.144226795,-0.052648817,0.087411122,0.0859181,0.012690296,-0.5679348,0.220397059,0.25107387,1.46733679,0.093197031
11.26666667,-0.131374374,-0.058715445,0.087266285,0.086376557,0.020622286,-0.560100613,0.225751575,0.24585102,1.471078179,0.078425854
11.28333333,-0.13246451,-0.059908886,0.087699056,0.089495932,0.015689387,-0.55011141,0.223401281,0.236255661,1.447906956,0.063403782
11.3,-0.133908877,-0.05831743,0.083580152,0.099955289,0.010729655,-0.536506918,0.241729405,0.215743041,1.405098554,0.040268919
11.31666667,-0.130927391,-0.056573212,0.077774978,0.101160724,0.015624195,-0.533441601,0.254061822,0.209665373,1.360422717,0.028653446
11.33333333,-0.138508637,-0.065498291,0.083953826,0.102880271,0.02650232,-0.53800504,0.242623122,0.215744401,1.349387046,0.034538098
11.35,-0.150418092,-0.079048233,0.087266457,0.100657985,0.026446547,-0.55478286,0.240917543,0.235191005,1.378836881,0.029984402
11.36666667,-0.170307664,-0.074233125,0.087266453,0.08737391,0.014063497,-0.547805166,0.243087038,0.239837356,1.43432976,0.017798839
11.38333333,-0.117027644,-0.061960577,0.08726646,0.079728021,0.062740872,-0.546234711,0.242031064,0.239423208,1.478465228,0.034699718
11.4,-0.121488073,-0.051876743,0.087266461,0.077222904,0.064892187,-0.548896076,0.240729901,0.2391704,1.499596118,0.062100147
11.41666667,-0.125432767,-0.054935476,0.087266454,0.080999252,0.060092951,-0.560602521,0.265046914,0.242740872,1.519926208,0.085404246
11.43333333,-0.128441355,-0.053960369,0.08726645,0.083735217,0.055541827,-0.561019491,0.279377027,0.241492425,1.531839012,0.099213571
11.45,-0.113714395,-0.047447912,0.081224953,0.083298527,0.065400043,-0.561355602,0.278985986,0.237627213,1.518704044,0.111576563
11.46666667,-0.094653456,-0.045190918,0.069470449,0.087148565,0.063333259,-0.56742712,0.316504922,0.232622007,1.481343969,0.103550912
11.48333333,-0.094022137,-0.049234361,0.060000024,0.090195111,0.034585131,-0.572200923,0.361013033,0.23553318,1.440643292,0.07903798
11.5,-0.090500886,-0.051027178,0.052029002,0.0908785,0.02319382,-0.569242532,0.3912177,0.229114336,1.415752294,0.061929898
11.51666667,-0.068034666,-0.045361857,0.041978398,0.089415378,0.029601738,-0.565458316,0.398053294,0.234192851,1.40576433,0.060164581
11.53333333,-0.018219784,-0.041106265,0.036541606,0.081972587,0.073926716,-0.566478784,0.388687179,0.239564087,1.408949134,0.065479486
11.55,-0.071352661,-0.043399752,0.04953149,0.080588655,0.026851172,-0.570447339,0.384030633,0.246202351,1.409405693,0.064136144
11.56666667,-0.088152047,-0.044636553,0.056240289,0.078372048,0.014355324,-0.569393867,0.380279964,0.238916761,1.41124132,0.058586144
11.58333333,-0.094581579,-0.050593388,0.057912662,0.086767869,0.014004639,-0.570546669,0.394907484,0.234543084,1.419684523,0.042659321
11.6,-0.076176407,-0.052929703,0.052510058,0.098119249,0.031413349,-0.56733286,0.392730531,0.23350115,1.423922639,0.040165475
11.61666667,-0.038627827,-0.052162737,0.04582984,0.095629956,0.063948094,-0.571957838,0.381151534,0.241460698,1.430620553,0.047717493
11.63333333,-0.020333455,-0.05258119,0.046694533,0.081945337,0.065353301,-0.572602027,0.39937548,0.245576173,1.380976341,0.031962452
11.65,-0.021447018,-0.053320579,0.053814933,0.074200749,0.058872319,-0.567473715,0.332141726,0.24703184,1.373172508,0.048777919
11.66666667,-0.036218694,-0.060152718,0.055776277,0.080170676,0.036691583,-0.563341209,0.341634927,0.242294502,1.437633755,0.05862173
11.68333333,-0.079128904,-0.067256391,0.059104452,0.089959392,0.007802998,-0.565956538,0.345054959,0.247017725,1.510042168,0.082047074
11.7,-0.062561646,-0.069620454,0.057440388,0.090545152,0.038291678,-0.564567639,0.361394028,0.252611254,1.560743332,0.072418089
11.71666667,-0.034900408,-0.065855819,0.047092024,0.081846418,0.065228584,-0.563333931,0.352493245,0.257306043,1.53936267,0.073379674
11.73333333,-0.006117347,-0.057170825,0.035519378,0.065008132,0.078215312,-0.567275037,0.372022936,0.255146019,1.441008214,0.077779737
11.75,-0.033559192,-0.053095855,0.028438021,0.06255189,0.049345416,-0.575063382,0.345082965,0.256980979,1.431758076,0.085163009
11.76666667,-0.006300275,-0.052383638,0.018609664,0.065863839,0.065873769,-0.574365983,0.356123223,0.255113718,1.449997416,0.046512296
11.78333333,-0.043043954,-0.05480171,0.020196893,0.076587748,0.033959397,-0.565703177,0.351907384,0.242339986,1.483454712,0.009332175
11.8,-0.041153146,-0.055353208,0.011107493,0.088051224,0.041332022,-0.566182487,0.360821282,0.241157013,1.504462824,0.002172865
11.81666667,-0.032021375,-0.052126871,0.000910682,0.088002654,0.054009941,-0.565249524,0.338567803,0.245873651,1.521805539,0.028664233
11.83333333,0.005082714,-0.05160203,-0.007172822,0.081151552,0.076331306,-0.563067363,0.34192468,0.244421825,1.515930998,0.043740185
11.85,0.018638174,-0.061389995,-0.004857746,0.072707952,0.088470789,-0.566763267,0.36020497,0.245783187,1.476510062,0.052219546
11.86666667,-0.037892404,-0.072571693,0.014655799,0.073617358,0.047820414,-0.566443144,0.352758082,0.24854259,1.460515121,0.058962193
11.88333333,-0.055978516,-0.074879099,0.031090561,0.077047357,0.045477215,-0.561446278,0.319694812,0.249161021,1.483928432,0.07247537
11.9,-0.061224904,-0.074718131,0.037678383,0.079651053,0.037223731,-0.569392613,0.360038634,0.24418245,1.490659605,0.059980223
11.91666667,-0.052988741,-0.074967515,0.036591302,0.080695829,0.037555761,-0.573491774,0.377102336,0.247756228,1.45172538,0.050895638
11.93333333,-0.019578689,-0.075857281,0.047133264,0.082278417,0.068141672,-0.573857079,0.409847053,0.25823553,1.405654307,0.032683665
11.95,-0.062022279,-0.073209085,0.060786868,0.089717058,0.033538702,-0.571223779,0.430444296,0.256537417,1.395749325,0.02372694
11.96666667,-0.066409157,-0.068333846,0.060470757,0.095818822,0.036106973,-0.567747598,0.391410347,0.254268576,1.434038004,0.040418193
11.98333333,-0.046713606,-0.065392149,0.056592006,0.092369298,0.067346257,-0.574773049,0.372831963,0.255810328,1.44489872,0.047343858
12.0,-0.058206022,-0.067878422,0.051033982,0.098088105,0.056154166,-0.567996274,0.35504182,0.246729693,1.424035332,0.040573953
12.01666667,-0.050452178,-0.06948573,0.038056525,0.094481536,0.044990135,-0.570623649,0.356493875,0.247078396,1.380716452,0.049015033
12.03333333,-0.038915105,-0.071242122,0.032932968,0.08201445,0.049354581,-0.564720917,0.340361257,0.239207937,1.391260984,0.067035684
12.05,-0.027871419,-0.070908957,0.030642909,0.066894427,0.0621797,-0.556732208,0.322055355,0.245559247,1.412261597,0.076232973
12.06666667,-0.022977859,-0.06507905,0.029843602,0.063072044,0.062245152,-0.545115293,0.303318744,0.25634118,1.420113312,0.059057798
12.08333333,-0.025747674,-0.061295156,0.02449888,0.065013071,0.056996531,-0.549200224,0.294753818,0.263661276,1.420268079,0.059940421
12.1,-0.023006182,-0.062791624,0.022130507,0.066236489,0.05445136,-0.557163651,0.330934109,0.261759587,1.391370181,0.040460997
12.11666667,0.011463633,-0.064154686,0.007061128,0.067301178,0.097991666,-0.568235857,0.359801103,0.253613129,1.356155155,0.035936884
12.13333333,-0.000652297,-0.063695753,-0.012645583,0.079395291,0.082520574,-0.556594011,0.314299638,0.241986697,1.36809504,0.047181613
12.15,-0.018271774,-0.05923115,-0.023115484,0.083389925,0.047628523,-0.563193626,0.351321132,0.240961189,1.373766788,0.045610917
12.16666667,-0.036235037,-0.057292104,-0.021129802,0.081134224,0.031810256,-0.565353078,0.336486731,0.238889029,1.378239962,0.050661009
12.18333333,-0.025145744,-0.057216593,-0.018917455,0.086764474,0.045903468,-0.565819323,0.323121223,0.240157541,1.362859835,0.057697746
12.2,-0.012515639,-0.055304363,-0.01597151,0.096366993,0.058183906,-0.563769263,0.323711684,0.24289932,1.362834951,0.04768141
12.21666667,-0.012411282,-0.056247253,-0.014130536,0.094785751,0.03900949,-0.563627316,0.341200487,0.252237563,1.37953674,0.014082188
12.23333333,-0.0211921,-0.058793238,-0.00842414,0.07938666,0.045735418,-0.5643544,0.324067085,0.258066839,1.388674254,0.020362593
12.25,-0.001635718,-0.065785924,-0.000152789,0.079326145,0.091287273,-0.572197039,0.343661761,0.25676978,1.353282918,0.040910358
12.26666667,-0.001506732,-0.066698769,0.016694804,0.090133953,0.118316121,-0.571173551,0.349836482,0.243856783,1.340320114,0.029028433
12.28333333,-0.039801228,-0.064478681,0.030804731,0.097123645,0.068015313,-0.566390748,0.36552168,0.242360333,1.351129735,0.006965248
12.3,-0.063538432,-0.061762731,0.045983878,0.085669337,0.032840663,-0.562890447,0.379336486,0.251091331,1.400504588,0.016165403
12.31666667,-0.068074501,-0.061957176,0.052473116,0.07396071,0.027114318,-0.565564774,0.388053665,0.263388317,1.458983931,0.02811427
12.33333333,-0.058975786,-0.060163315,0.049691632,0.072801749,0.045486967,-0.570399577,0.370662129,0.261782122,1.471292974,0.026894675
12.35,-0.059588132,-0.060979323,0.04691511,0.084387633,0.056685376,-0.575374077,0.350746029,0.260598934,1.45629823,0.029338699
12.36666667,-0.050969365,-0.068347509,0.051015897,0.094779698,0.070522945,-0.579637508,0.361622695,0.264556136,1.420522653,0.033675657
12.38333333,-0.05768151,-0.071161283,0.053784364,0.095414749,0.065058627,-0.56856673,0.335946686,0.260468622,1.387717607,0.044686147
12.4,-0.048439874,-0.070410026,0.05606613,0.089151059,0.064765087,-0.575995888,0.329784839,0.269009182,1.344681984,0.056810697
12.41666667,-0.028051152,-0.065666359,0.055605441,0.079063805,,,,,,
12.43333333,,,,,,,,,,
12.45,,,,,,,,,,
