Time,RHip_FE,RHip_AA,RKnee_FE,RAnkle_FE,RShoulder_AA,RShoulder_RIE,RElbow_FE,RElbow_PS,RWrist_FE,L5S1_FE
0.0,1.276789901484744,-0.2436697728636754,-1.688151076431643,0.3517005044917652,-0.1830411850423537,0.046661681762957,0.4793135360647195,1.5007377082698885,-0.0724628203906715,
0.0166667,1.280161411596687,-0.2297177179864488,-1.6834779587556914,0.3470851902007777,-0.1842859006323338,0.0566281446482314,0.474843708231388,1.4988183447332624,-0.0723696979993654,
0.0333333,1.2836579396429502,-0.2180997969867352,-1.6807548370646013,0.3525084292707523,-0.1787850125620697,0.0347330396219779,0.4733686756771891,1.5014424963073876,-0.0655350326308528,
0.05,1.2846038930876993,-0.2091126144337441,-1.6773039532180023,0.3446403670185044,-0.1800553024615793,0.0476991494526396,0.46995617930029,1.497391724296388,-0.074720574471327,
0.0666667,1.2836332201956882,-0.2063717380317721,-1.675419056617977,0.3385250549836974,-0.1799412570632004,0.0496058101339042,0.4690370575002632,1.481339079794187,-0.0729890378582795,
0.0833333,1.2817047003127398,-0.2073887523824834,-1.6761157562761235,0.3458902726940813,-0.1782867975060465,0.0402640934394347,0.4686973595300915,1.498491682103675,-0.0742414468596024,
0.1,1.2803098183392474,-0.2084300009789246,-1.6764458692471091,0.3426683343319747,-0.1816516982306449,0.0544260707595047,0.4702613769980717,1.491163454901458,-0.0703497349063845,
0.1166667,1.2773911791057622,-0.2102749544972874,-1.6763876968995413,0.346974704750474,-0.181660643915726,0.0536921690592861,0.4706431555546407,1.4827630593733698,-0.069828059309089,
0.1333333,1.276522166057626,-0.2164950559258512,-1.6784705003977074,0.3456452796052484,-0.182565998558613,0.052616875023258,0.4710319910009743,1.4954408687368703,-0.0692478876056495,
0.15,1.274885848325382,-0.220401169463392,-1.6791141638632088,0.3466455393187393,-0.1837039907554923,0.0555214481247026,0.4697543972476109,1.4988404261153596,-0.0753057519535941,
0.1666667,1.2730837293756534,-0.2200188807470826,-1.678495415845444,0.3459230367129314,-0.1897600724241389,0.0691878280335615,0.4706801876016437,1.490705408772702,-0.0675878929113058,
0.1833333,1.272032590696473,-0.2220456647613133,-1.6786394426842468,0.3481899523758965,-0.1883750819296492,0.0515397485660482,0.4745026260405865,1.500912698645885,-0.0681444738719107,
0.2,1.2699816902462369,-0.2233394420801658,-1.6782515052098137,0.3520672315033979,-0.188947872635682,0.0474739740538643,0.4759861812120559,1.4986401890281345,-0.0722979712502938,
0.2166667,1.2693730148726514,-0.2222443291323496,-1.6774941977716609,0.3494904336789388,-0.1933210383754516,0.0680558931763843,0.4735687628406315,1.4854918779936717,-0.0681098934889081,
0.2333333,1.2699064182098556,-0.2235120851628511,-1.6788823021080692,0.3622881820686361,-0.1857203123935219,0.0216565485371689,0.4796166081260052,1.50180686293574,-0.0552025715834413,
0.25,1.2709526837552316,-0.2228540859119396,-1.6793391806115552,0.3596902050227699,-0.1870938940197572,0.036351626205285,0.4770116422582152,1.495525327837368,-0.0609028324538851,
0.2666667,1.2736591961950283,-0.2223374035271011,-1.6804498528205871,0.3569122665541317,-0.1841130175668763,0.0321099352454036,0.4758999608998098,1.4963514153852162,-0.0640901534320089,
0.2833333,1.2747490197480136,-0.2222525861105078,-1.6809838759242088,0.3500027326693609,-0.1824553209475588,0.032329144236131,0.4747431500393367,1.4878231348704458,-0.0645121852152483,
0.3,1.2774493659395627,-0.2222000237747547,-1.6828286524661853,0.3511314021900407,-0.1796596954868139,0.032876746524932,0.4737305557349561,1.4967650427099757,-0.0664216995098399,
0.3166667,1.277456026465054,-0.2220752173743397,-1.6834167175957,0.3470059213604093,-0.1784772274136719,0.0342919685655272,0.472642519399125,1.4909649326002226,-0.066789967996268,
0.3333333,1.2770957831770595,-0.2222841285734145,-1.6834292970562836,0.3466747802159614,-0.1785203895806067,0.0387950496334982,0.4721445294905753,1.498042593528239,-0.0689061421897322,
0.35,1.2765626343088603,-0.2218246708223599,-1.6827421921711674,0.3449391947881151,-0.1794891452284346,0.0417207330158444,0.4728030774730037,1.4983275989883058,-0.0683643520218733,
0.3666667,1.2752137138358897,-0.2216305682183895,-1.6814704601060968,0.3403307474950695,-0.1813850262326401,0.0512254193056201,0.4714711975221851,1.495009048099988,-0.0673472533717591,
0.3833333,1.27419517511461,-0.2224346319800054,-1.681397226090683,0.3513002659367637,-0.178141487326645,0.0356951771558151,0.4729953806425153,1.5009198258724183,-0.0682538220656738,
0.4,1.272845673796064,-0.2239467379455106,-1.6802891456955904,0.347387052225293,-0.1802552061909175,0.0431968715851904,0.4715083351616078,1.498245951089634,-0.0654215745357672,
0.4166667,1.2717385325626422,-0.2267580846340257,-1.681189069048378,0.3464921521046253,-0.1789455016954429,0.0402847921716988,0.4701520258372489,1.4993723670411836,-0.0673477223417291,
0.4333333,1.2722224320790745,-0.2285700116360189,-1.6815111461744217,0.3428341125111132,-0.1789033565318633,0.0434750096982491,0.4699087306047124,1.4968702846676072,-0.0677269898931032,
0.45,1.2717293540506387,-0.2299742499705655,-1.681827227396353,0.3372748737206317,-0.1778908646783097,0.043905391485696,0.4685689963231939,1.4764262961233456,-0.0677532769950992,
0.4666667,1.2746471527335563,-0.2322510319797921,-1.6840746287074844,0.3503870759872657,-0.1748246679794781,0.0284856541593494,0.4717538790763526,1.501838448857345,-0.0720704345955735,
0.4833333,1.2758595765907816,-0.2324832613012722,-1.6840080545194305,0.345482107377216,-0.1767746653606026,0.0398216502051262,0.4710736630057937,1.498430826835981,-0.0666655907723161,
0.5,1.2752755782529572,-0.2310752300171952,-1.6836305692982882,0.3370019832890349,-0.1767263101410115,0.0406217696971654,0.4738274300605551,1.4824834112014424,-0.0659804054003109,
0.5166667,1.2780493607435806,-0.2291900749339078,-1.683154554481285,0.34192186556301,-0.178122578080463,0.0473237987691727,0.4707016059331583,1.4967181588029437,-0.0649466954045078,
0.5333333,1.2784183643626896,-0.225461281437849,-1.6823264215820866,0.3401276932718987,-0.17695866704606,0.041248733328785,0.4721188738487027,1.4992562497624498,-0.0672033462625431,
0.55,1.2799612867341326,-0.2210368543307509,-1.6812790830082862,0.3373569174599778,-0.1786663409939754,0.0456413141111537,0.4738360141134152,1.495203781815016,-0.0653503054120254,
0.5666667,1.2798513810822063,-0.2184256988273016,-1.6816015690649735,0.3526775843129275,-0.1744757536236583,0.0196828961850933,0.477267970736941,1.5020550752843782,-0.0586967505910642,
0.5833333,1.280845115533223,-0.2160917855594061,-1.6805883598810971,0.3456812796390646,-0.17724166258496,0.0372908130085244,0.4750248058635029,1.4956355216431538,-0.0658902174310762,
0.6,1.2833524876506963,-0.2124594211554542,-1.6800978153726038,0.3426406457305894,-0.1750347433131639,0.0309488766025971,0.4754387649753531,1.4999838913157073,-0.0760644102765876,
0.6166667,1.2842491685307995,-0.2099732242451307,-1.6793246727366808,0.3348353701273857,-0.1754229127418549,0.0333602381579182,0.476860689254809,1.4834959180648275,-0.0744056983992442,
0.6333333,1.2899054696188406,-0.205873784077005,-1.6796247274727558,0.339164455307968,-0.1740923677933811,0.032982023040083,0.4752996264547195,1.5002769692726303,-0.0737634280555516,
0.65,1.2898824822363286,-0.2073330482795439,-1.6792620180345283,0.3331980024050636,-0.1760165013148533,0.0448098399536353,0.4728857952585069,1.4982942281184748,-0.0729223053688624,
0.6666667,1.2870913166154212,-0.211008529646403,-1.6815529215027327,0.3512771155404994,-0.1733588385464249,0.031910863339987,0.4728738381823344,1.5028234570111676,-0.0697344674242142,
0.6833333,1.2824806742217754,-0.2164058228262504,-1.6820940463510807,0.3516290446035362,-0.1771287450183437,0.052915818682731,0.4684967211916713,1.4976807469807938,-0.0723494492129826,
0.7,1.2782765753850538,-0.2213853175189591,-1.6826264743982993,0.3487817608875908,-0.1768553868385073,0.0515062045595553,0.4668100241815026,1.4917992764280972,-0.073349822372875,
0.7166667,1.2751957917479328,-0.2253498205230265,-1.682625280244025,0.3497298492190812,-0.1780270846593681,0.0566000999996786,0.4673121852524315,1.493585288083225,-0.0726029076722865,
0.7333333,1.274098901880405,-0.2270416568297106,-1.6826808073705783,0.3433592412423338,-0.1789615225962458,0.0575424226359851,0.4681274393670795,1.485696407020061,-0.0728824987719475,
0.75,1.2744151743904224,-0.2287948384925426,-1.6828938302163048,0.3400217399180636,-0.1794029282323141,0.057690959056509,0.4677629507402124,1.4812050158183534,-0.0716623909281571,
0.7666667,1.2759970633318114,-0.2306224963216169,-1.6845422813029758,0.3542975757117497,-0.1732843004209942,0.022971203135468,0.4746423433124001,1.5036579509373575,-0.0651501527987359,
0.7833333,1.275788319509812,-0.2316063171279492,-1.6842977376364254,0.3490096246170129,-0.1754347794099721,0.0343766386763317,0.4735140221594391,1.5008187545535672,-0.0704925820771457,
0.8,1.277308377195389,-0.2307361991118636,-1.6841840238506045,0.3484637009858865,-0.174958413432723,0.034000034671929,0.4747308873560122,1.5018890391455764,-0.0715654291615625,
0.8166667,1.2776655139718478,-0.2289342400342944,-1.6834263563510272,0.3445614107666052,-0.1769737749651311,0.0437654963648316,0.4750590490488942,1.4980868536818064,-0.0705733801750046,
0.8333333,1.2760078793117189,-0.2280298427045022,-1.6823876786245742,0.3415604277716755,-0.1786355497207788,0.0433658356883454,0.4765144845226529,1.497119992065283,-0.0718364939787617,
0.85,1.2714375330798433,-0.2287786779653995,-1.681630925852058,0.3481065732851397,-0.1777671072207751,0.0307041540397983,0.4779141476510983,1.5024706987422032,-0.0782936167048,
0.8666667,1.265296820395767,-0.2309811115664851,-1.6811124237869413,0.3577761345461659,-0.1784649909102862,0.0208137911751023,0.478994916610457,1.5031890954609457,-0.068303866414915,
0.8833333,1.2594265213465463,-0.2325013245863658,-1.679380748420218,0.3533935429812381,-0.1844064643118702,0.0424466657172313,0.4748932572561875,1.4937187300237131,-0.0691799880145616,
0.9,1.2574963112867508,-0.2348829048905283,-1.679619568279487,0.3533277477336294,-0.1833979945695778,0.0388416855292432,0.4727752621607147,1.4923200912290056,-0.0712598890301816,
0.9166667,1.258308364118485,-0.2351857357473114,-1.6799752140211657,0.3562924325925065,-0.1816705664615895,0.0366499062905764,0.4716124815760681,1.4963881407778696,-0.0794225345858322,
0.9333333,1.2626920538445778,-0.2311422527548669,-1.6801752634854965,0.3517433554664944,-0.1824374353369831,0.0495156066312392,0.4692483566588206,1.484167931786034,-0.0753830365291358,
0.95,1.2671272108868512,-0.2270591647510361,-1.6811255872346929,0.3490598174937734,-0.1826712015954026,0.0626764671066225,0.4671889646581749,1.4748861444620902,-0.0765876788358914,
0.9666667,1.271242601793544,-0.2232887798843693,-1.681490623720412,0.3471869067678534,-0.1822980512485237,0.0651502861418908,0.467222435709905,1.4708709436575096,-0.080012430914798,
0.9833333,1.274803193371732,-0.2184831781046234,-1.683124120476986,0.3607136488173798,-0.1742420538622833,0.0211557409690749,0.4744932977793333,1.501579241807084,-0.0650435871833994,
1.0,1.2769739937527895,-0.2148463481012473,-1.6822721634844322,0.3556065997033488,-0.1796280434172302,0.0529996070531973,0.4704716364639936,1.4918585511256204,-0.0688897120092198,
1.0166667,1.2786990007400396,-0.2120838428810529,-1.681570910611333,0.3542793741965794,-0.1803576151301075,0.0595603019803721,0.4694416761335556,1.4892018957612363,-0.0739814017022344,
1.0333333,1.2798648450756551,-0.2112106003765404,-1.6810532758003216,0.353266930688646,-0.177483526472977,0.05139321246738,0.469463498508792,1.4975648990063637,-0.0802063090694265,
1.05,1.280637259560214,-0.2108452862089371,-1.6807105451460418,0.3567662821540401,-0.1756158491168191,0.0386454998748106,0.4711609776394808,1.5004645553407725,-0.0692167498845963,
1.0666667,1.2820695748319046,-0.2115431693748494,-1.6802471319553034,0.354109822790131,-0.1771718216641451,0.0492930076875057,0.469699538407628,1.4981738672461975,-0.0733798109691486,
1.0833333,1.284569533314314,-0.2104626372566702,-1.6796812628760185,0.3493645359241425,-0.1777281567078584,0.0540535902699928,0.4695128339052911,1.4969384940546373,-0.0762331249721926,
1.1,1.2885475339966848,-0.2096599701075218,-1.6798179631716867,0.3485072663238784,-0.1773076009495674,0.0514106601748463,0.4705482483896416,1.4979493461713589,-0.0755582593829886,
1.1166667,1.291530855481315,-0.2061747490022848,-1.6802638967154335,0.3493383722169247,-0.1772277982129809,0.0506264086927674,0.4708096671211309,1.4985301821471115,-0.0718734567361934,
1.1333333,1.2923504970046364,-0.2041173252094366,-1.680323759065316,0.3473004453226175,-0.1782537139174104,0.0560699695038877,0.4686250264536378,1.4970436318161129,-0.0757134289273347,
1.15,1.289777662124777,-0.2042677265142662,-1.6796369404141966,0.3465790953322477,-0.1823142068887448,0.0702021359022018,0.4664417967103119,1.4891820496223118,-0.07487361855371,
1.1666667,1.2853065322758233,-0.2058265641940923,-1.6792642569428926,0.345261891855109,-0.1841020083790206,0.0730375101894634,0.4662505578425783,1.4834485751362028,-0.0776061390173552,
1.1833333,1.2808845194826797,-0.2085178086681254,-1.6793459917589613,0.3490047305392574,-0.1819191845992788,0.0532544633466991,0.4674236068973459,1.4948807777446067,-0.0838538578378708,
1.2,1.2765829251576783,-0.2108966090118554,-1.6785963379386446,0.3475952326550099,-0.1834125298461213,0.050903147226299,0.466828164610149,1.4939090215267288,-0.0810896882717017,
1.2166667,1.2733650790690687,-0.2106974119663314,-1.6778713999003982,0.3530095291814961,-0.1832017691216383,0.0511971990769446,0.4680261521509997,1.488004509835379,-0.0800208941908738,
1.2333333,1.2748677689832597,-0.2120030295988295,-1.6780687154809888,0.3443544651573341,-0.1835459894144348,0.0529486628121938,0.4649364228287976,1.4811536064471045,-0.0768106280672058,
1.25,1.2738256604630955,-0.2164557551253536,-1.6790802627623511,0.3512767165582324,-0.1823161108684258,0.0527121185132039,0.4657935709541457,1.4958220516125655,-0.0848655046030006,
1.2666667,1.2716136975388272,-0.222890022764837,-1.6815113168676226,0.359639404073298,-0.1791791408938929,0.0326784099267292,0.469338640795697,1.501251761141676,-0.0659570691264812,
1.2833333,1.2683957149654703,-0.2284390353221651,-1.682243307606843,0.3557717778382905,-0.1816165294971514,0.0472078265272996,0.4669611229199013,1.4974840078824556,-0.0780845599452656,
1.3,1.2653160087200963,-0.2319702662735444,-1.6825725479132023,0.3595857804028267,-0.1834823660545472,0.0465825417278875,0.4702720772626498,1.4974018925846102,-0.0808202139730498,
1.3166667,1.2628001466230097,-0.2319272121424904,-1.6818499224362151,0.3542627530770468,-0.185105263077508,0.0473814597352696,0.470111325631757,1.487018499164434,-0.0778898044136221,
1.3333333,1.259030035074904,-0.2319189249701361,-1.6809534227212883,0.3672802316127861,-0.186170958326249,0.0287000334749706,0.4749764129448,1.5011444261852052,-0.0672062250086114,
1.35,1.2580278279230337,-0.2298827702831515,-1.6798298345521927,0.3640636816056792,-0.1885711417458427,0.0314849675723166,0.4740319625776024,1.5002651029535787,-0.0693707992766285,
1.3666667,1.260058872809567,-0.2272858358969804,-1.6795754220959198,0.3612498164070534,-0.1888692333355749,0.0347858106991095,0.4737223823580689,1.4974473111132018,-0.0696659356748712,
1.3833333,1.2631543802187908,-0.2257085438037754,-1.6792846788659377,0.358237042491296,-0.1882864942528057,0.0416716842024086,0.4718458788718837,1.4961708149974051,-0.0761710504174832,
1.4,1.2657414884012732,-0.2248541836673744,-1.679291056299024,0.3555873403441189,-0.1883369038994594,0.0512448327774229,0.4703546332561313,1.4930039314757562,-0.07535440876608,
1.4166667,1.2667868137377811,-0.2234761428994331,-1.6797763550459175,0.3593979948435511,-0.1861976013008794,0.0385172241089084,0.4723614775817897,1.4986276542479795,-0.0713568322962861,
1.4333333,1.2636787954594133,-0.2246370666282884,-1.67956474975661,0.3620158084290308,-0.1886809100403567,0.0475478470343171,0.4717466666777516,1.4974784306828308,-0.071685070783655,
1.45,1.2613349364327755,-0.2244432846413017,-1.679112047127892,0.3619564729940496,-0.192131702431703,0.0607982638442787,0.470007407157297,1.491845532365664,-0.0699386562859318,
1.4666667,1.2618203210498682,-0.2242763849135859,-1.678931717091582,0.3581822976213134,-0.192750090388043,0.0647014296952458,0.4696318644876124,1.4915048376379565,-0.0731449334595944,
1.4833333,1.264375900557545,-0.2221836918562792,-1.6795248951631403,0.3602846322264738,-0.1877920932647969,0.0408937522084853,0.4728741382044328,1.4995611928166936,-0.0690048644699433,
1.5,1.2707210921770602,-0.2212477077322172,-1.6793172973243278,0.3513236816230743,-0.1898460438524337,0.0510542189120944,0.4728772063187249,1.4940328135417824,-0.065186846251864,
1.5166667,1.2747721083596222,-0.2213404756471522,-1.6797342088351408,0.3535117653015829,-0.1869719167980597,0.0394460014194231,0.4747022250354372,1.4991482835203886,-0.0659817419734521,
1.5333333,1.2751887737790104,-0.2225539337864925,-1.6787925881702594,0.3518338125654996,-0.1898332144607011,0.0499278746935771,0.4740790585421382,1.495119511908209,-0.0727805930111808,
1.55,1.2733738688962477,-0.2229283604926533,-1.6768326352565488,0.3497536195562958,-0.192327429937207,0.0479580191307563,0.4753231616960839,1.4954400096858125,-0.0720927147706727,
1.5666667,1.2710020430627416,-0.224033694612168,-1.6756956965404055,0.357913277108267,-0.1921740861817914,0.0260858824629261,0.4806046163262789,1.5002926278430804,-0.055897058687695,
1.5833333,1.268115937988244,-0.2247338571780834,-1.6732991079754729,0.3539737276001141,-0.1970753304337503,0.0426393467505259,0.4781971756531224,1.4940171008661254,-0.0720838699656224,
1.6,1.2686814705680494,-0.2241593860690467,-1.6714651299601109,0.3511880030431499,-0.1988656258249942,0.0458770752809082,0.4779572789257053,1.4909985877841887,-0.0783465672017787,
1.6166667,1.2730759935528098,-0.2209254382708901,-1.6699913585808297,0.3444363750299264,-0.1986742394769387,0.0507829423864569,0.4763650073696621,1.4866719561874688,-0.0811835615036519,
1.6333333,1.2866215226754705,-0.2114461486161261,-1.6690923619978746,0.3399061970271866,-0.1975795735079439,0.0511730962545074,0.477646153740718,1.4865334573300062,-0.0757708008669075,
1.65,1.3004627803865891,-0.2020699986699099,-1.6684365674468742,0.3361842609297589,-0.1935877660494595,0.0456870385959633,0.4779282553219751,1.494073843265437,-0.0739717940137681,
1.6666667,1.3159351215875248,-0.1896553095593868,-1.6669849045022938,0.3297646493436033,-0.1919617670528192,0.046127341882076,0.4783461670809823,1.4931867178884557,-0.0724346792254111,
1.6833333,1.3219840126741862,-0.1879672300739176,-1.6655578973004572,0.3300006349626996,-0.1934722472441261,0.045325191873985,0.4799541890117942,1.4932983316941204,-0.0725225296751785,
1.7,1.3410866242330377,-0.171236468783182,-1.6638174750416548,0.3210909820294771,-0.1904692330350129,0.0435291316602218,0.4779881403611378,1.496114213620697,-0.0724890626377057,
1.7166667,1.3489637194368291,-0.1684265171363379,-1.6635497951160068,0.3261176686798304,-0.1868208774008554,0.0308573190734985,0.4813258439690683,1.5007395579698295,-0.0703154067234587,
1.7333333,1.3530423029203935,-0.1680171833215384,-1.6637222854823828,0.3270635634815169,-0.1872887450209108,0.0306399826465256,0.4818888889310909,1.5007046220632587,-0.0702702327154952,
1.75,1.3572218849425792,-0.1679272985159949,-1.6638926650475612,0.3280881164328665,-0.1875374010322449,0.0304948108717337,0.4821891333844554,1.500688231676253,-0.070199501153163,
1.7666667,1.375272507846904,-0.1696129179598834,-1.6643545610235808,0.3292753180134728,-0.1876477353370353,0.0304403058099902,0.4817713310575923,1.501102950006328,-0.068012949350139,
1.7833333,1.3896228671052553,-0.1646223030763785,-1.6635697639515776,0.3298267310541626,-0.1877627329870541,0.030420795123348,0.4842270976288085,1.5016388264750822,-0.0655450822366858,
1.8,1.4061104558601007,-0.1559885826836391,-1.661354469542833,0.3279249571202706,-0.1873773964022719,0.0299797862006187,0.4850045489590557,1.5021523101950007,-0.0636122557538082,
1.8166667,1.4248758321083548,-0.1441380525788001,-1.6587785916814226,0.3250848187822828,-0.1861268756726667,0.0290092030185311,0.4870149527091906,1.5024683481327663,-0.0616309447224419,
1.8333333,1.4335943426905513,-0.1428219573857365,-1.657680623200417,0.3268118508750638,-0.1868824805421338,0.0283851322701466,0.4892643267659756,1.502341724321001,-0.0615852144780458,
1.85,1.4574293995063534,-0.1270150810730893,-1.6533330286285843,0.3200208697014652,-0.1851828082307071,0.0262779718296043,0.489792524135087,1.502199547880272,-0.0601639047290196,
1.8666667,1.4738303986372832,-0.1215320667451618,-1.651953079866705,0.3177040943450938,-0.1846174615284669,0.0236806871558524,0.4929581061647126,1.5019235579184564,-0.0590257427116042,
1.8833333,1.4830300237140246,-0.1209727442213679,-1.6516761170583645,0.3194064387556054,-0.1855712179912361,0.0230048822304449,0.4949609981922797,1.5018084550250836,-0.058969974555081,
1.9,1.5093949897348655,-0.1156765057797439,-1.6505888568704516,0.3121549857946568,-0.1839809492005096,0.0218736578968061,0.4962965925528125,1.502055619827105,-0.0571545781876008,
1.9166667,1.5278234059109457,-0.1148488038023378,-1.6497766459118877,0.3108577000149419,-0.1832491605704164,0.0205869523030169,0.4983753655621369,1.5022385888012435,-0.0556537969654801,
1.9333333,1.5469883060018723,-0.1154228008799496,-1.650180020998088,0.3088648085494557,-0.1823332698984339,0.0198668161891417,0.4993482459465861,1.5023579988181446,-0.0542716075499069,
1.95,1.565497028616561,-0.1163000028384032,-1.6506261556037642,0.3069476570431232,-0.1820044617355971,0.0197249397705105,0.5001183909795187,1.5021337889355115,-0.0532862482358389,
1.9666667,1.5849138147996686,-0.1176866484286226,-1.65117669667796,0.3061342917237918,-0.1815828523220366,0.0204282348533673,0.5014445499155822,1.5014160802255598,-0.0523379755975795,
1.9833333,1.5998908964851366,-0.1184826906569963,-1.6504232202375158,0.3053151097456623,-0.1815037232825414,0.0207816343562989,0.5035773139871854,1.5009918971494844,-0.052030919996809,
2.0,1.6265316102160927,-0.1301963071869321,-1.6529394743355523,0.3064529434666454,-0.1838072175559698,0.0236306480425989,0.5083530608628785,1.499716402678145,-0.0508895774658977,
2.0166667,1.648641995322394,-0.1472627850027498,-1.65391912904096,0.3096055693936346,-0.1890462149577149,0.0258625679341993,0.5174722182325884,1.4987011751955222,-0.0498457281543381,
2.0333333,1.6684653568274186,-0.1709287738683065,-1.6548095653075328,0.3188485151132069,-0.2000416532841304,0.0306595886281449,0.5324532181822271,1.4978754854082108,-0.0461263964372202,
2.05,1.6919193052930848,-0.1978605874000112,-1.6566522422184191,0.3231977831067265,-0.2088175923545674,0.029774848592652,0.5475641929757948,1.4980589519757193,-0.0453035237858545,
2.0666667,1.7090631429081349,-0.2227352572642127,-1.6574886657806305,0.3326832894497531,-0.2211301699300051,0.0302698874985023,0.5633227905142721,1.4997180261834158,-0.0428378873777183,
2.0833333,1.723838979055136,-0.2386692891904481,-1.6591667550014613,0.3411914108880641,-0.2320000349583323,0.0302622916510647,0.5789193841481184,1.5024484869840105,-0.0374805496713709,
2.1,1.7333837056414132,-0.239622726781563,-1.6616138328000625,0.345035334504632,-0.2348899595113649,0.0288071914550553,0.5830138283112603,1.5022291820001743,-0.0375988699046867,
2.1166667,1.7540598983744138,-0.2462428068856026,-1.6649223373986728,0.3542297024751334,-0.2420998849807562,0.0249941948982999,0.5994510213820861,1.5032442832954924,-0.0367889303176111,
2.1333333,1.762702320629738,-0.2470652426810567,-1.66699731885473,0.3584113453821,-0.2456529412744317,0.0233186116212091,0.6027545448110113,1.5031335313334122,-0.0369174921429777,
2.15,1.784593195850549,-0.243660330981488,-1.6685732560488369,0.3696668672631271,-0.2451509386793988,0.010619916426149,0.614669498334667,1.5086925041357158,-0.0317536346561894,
2.1666667,1.7978505410940424,-0.2433454107525751,-1.6681751900796882,0.3761311034275976,-0.2506772776644143,0.0101515108956183,0.6236911291492364,1.5086576656185169,-0.0310571449611519,
2.1833333,1.8185708784398136,-0.2449874678255314,-1.6702754634510022,0.3826604801666746,-0.2563492575687247,0.0099387980203668,0.6408566388666744,1.5091406399359124,-0.0290027519325498,
2.2,1.8381456177928917,-0.2491156448397911,-1.6723798352044654,0.3877582642003714,-0.2600866145227584,0.0039696894244726,0.6536190853542563,1.5119142808803336,-0.0209941861376604,
2.2166667,1.85441905482305,-0.2504413897837561,-1.6762995062851027,0.3919866576712147,-0.2657525397053606,-0.0004618886456367,0.6718032161725149,1.513171539628049,-0.0147832841650509,
2.2333333,1.8672015481624205,-0.2508796396900039,-1.6805842604517505,0.396420683740133,-0.2720489779956823,-0.0018139238331903,0.6898608865418266,1.5132764127976095,-0.0130500184543134,
2.25,1.8825510420950269,-0.2534409831475354,-1.6856277680618357,0.40077437457251,-0.2787218902633774,-0.0052336217876489,0.7086742190274049,1.514393412348779,-0.0101635250440573,
2.2666667,1.893696265625046,-0.2529771077936111,-1.6885795502251515,0.4055857951054492,-0.2851836367156701,-0.0087100104796733,0.7259687900834414,1.5158998732213516,-0.0061032989335655,
2.2833333,1.903121027877852,-0.2489787110190686,-1.6901539581617675,0.4114503960037278,-0.2917247110004597,-0.0113228158428645,0.7413638585770743,1.5170424832103655,-0.001821199761776,
2.3,1.9087653172609147,-0.2418905346568416,-1.690912651565879,0.4144532348072512,-0.2957652457827317,-0.0189790487055283,0.7544544007840923,1.5187766507327276,0.0102850730892918,
2.3166667,1.913076826626864,-0.2343590476316678,-1.6918056075642929,0.4224380651715111,-0.298715841994821,-0.0204411769933696,0.7611962943979458,1.5186728437848067,0.0104507945452296,
2.3333333,1.9160451944795285,-0.2251354631985538,-1.6918897073014976,0.4327688393582005,-0.3006279261122032,-0.0214534187412414,0.7666777625386888,1.5186572403667609,0.0099867923058687,
2.35,1.9175338575315868,-0.2135095185712029,-1.6915887627965704,0.4429062301911043,-0.3014914635388771,-0.0222526416576439,0.7709106518031524,1.5182475236267237,0.0075711868079384,
2.3666667,1.9171322879884976,-0.2100688351268842,-1.6917112241726022,0.4473880007889085,-0.3026067900174253,-0.0234315391362021,0.7746985034013744,1.5178959994800734,0.0073474369940961,
2.3833333,1.910728614923604,-0.2070822046725254,-1.6872412411795,0.4661214209312232,-0.3044110525805412,-0.0231184902493133,0.7772978590828168,1.515727433294991,0.0061085939134502,
2.4,1.9058215953771505,-0.2045518015393086,-1.681981354281004,0.4749376381865389,-0.3052079039435561,-0.0234243487287498,0.7813578853531091,1.5149651099551014,0.0062303564596497,
2.4166667,1.8944137167244,-0.2118125045707598,-1.677810981837682,0.4870374824663729,-0.3093764563575339,-0.0224541004753456,0.7864764049455172,1.5127208985822436,0.0076315209203177,
2.4333333,1.886302879871331,-0.2092579232168823,-1.6708613390649698,0.4944322102037494,-0.309582613252516,-0.0222840800989272,0.7912182365831855,1.5122882054552684,0.008089817329288,
2.45,1.869840955310472,-0.215383966757661,-1.666709780921919,0.513874035229372,-0.3122138005979222,-0.0227059375237743,0.799352427686975,1.5109376558919745,0.0102864815699981,
2.4666667,1.8585472646495,-0.2134790144046683,-1.6598774942626435,0.5199918825294505,-0.3113959824200702,-0.0218894463197526,0.8037727778794734,1.5107745217121191,0.0105560099738568,
2.4833333,1.8454015408911204,-0.2128344149190889,-1.6547273561109737,0.5251172223449765,-0.310291141705135,-0.0209746986638972,0.807960440601563,1.5106002347038117,0.0107446348619698,
2.5,1.825442059412404,-0.2153799268440414,-1.6491945859367303,0.5352203230431323,-0.3097237683265674,-0.0217859369504692,0.8180307495301335,1.5100029554575771,0.0103115284410276,
2.5166667,1.802158252274473,-0.2200795892325864,-1.6453854940305777,0.5424513210943134,-0.3077947176889936,-0.0250210104859934,0.8244767189041199,1.5096667095741327,0.0082588440897632,
2.5333333,1.782404824716313,-0.2215052727767181,-1.637985406910667,0.5496366807054169,-0.3062177764069683,-0.0259449502674203,0.827479376018868,1.5097619206009547,0.0073224789603256,
2.55,1.750978535113448,-0.2286401977829598,-1.631711161005383,0.560311771003479,-0.3032440313694111,-0.0339704321424859,0.8305473459722197,1.5104892172771522,0.0021776537654315,
2.5666667,1.726141028021411,-0.2305205828814015,-1.622099547293517,0.5709229695100143,-0.3011836047375849,-0.036470471084574,0.8307093832126394,1.510921015050221,2.5213724506010884e-05,
2.5833333,1.6910539464408036,-0.2361314169206974,-1.6128176819533555,0.5824935721902454,-0.2967044297934443,-0.0447265123500915,0.8280364943663496,1.5117543458889977,-0.0066315792058164,
2.6,1.660794815581014,-0.2377763281305795,-1.6019033230718744,0.5915065585635626,-0.2922673968712907,-0.0484832995310889,0.8227202837730292,1.5125772270924769,-0.0127528251855472,
2.6166667,1.6365501912508251,-0.2371348220665664,-1.5894294627618526,0.5956661783824287,-0.2892459984110346,-0.0488597614656905,0.8177459105744775,1.5129911334953836,-0.015613975018801,
2.6333333,1.599916123823211,-0.2338302626101972,-1.5773629938897058,0.6024933660622941,-0.282900602413464,-0.0499189934111454,0.8036544967415329,1.5139249036692894,-0.0248915070554954,
2.65,1.5697939133451084,-0.2308204224183795,-1.563710310277619,0.605104466413339,-0.2796316960194558,-0.0470511477967493,0.7920190138898198,1.514849891346399,-0.0318310892268003,
2.6666667,1.5367826239259963,-0.2268547814596398,-1.548189653476066,0.6061886050798845,-0.277240419015035,-0.0420687466072373,0.7787902454457681,1.5157768411226542,-0.0391139141319876,
2.6833333,1.5114299111722005,-0.2248431306717544,-1.5310434477982866,0.6045104017145208,-0.2766393841693159,-0.0399710924515318,0.7732472214621695,1.516239028219593,-0.0409156880301231,
2.7,1.4690020332262352,-0.2198513457195191,-1.5118995002104971,0.6102614178068101,-0.275520668784959,-0.0355854692496933,0.7561315295502358,1.5176769999288562,-0.045620014985627,
2.7166667,1.4289155914408402,-0.2179141927399587,-1.4911803969870396,0.6096330221325392,-0.2768440156465318,-0.0277210234941885,0.7457361675347141,1.5194353716772848,-0.0505931072870406,
2.7333333,1.3919532876202518,-0.2176796953631156,-1.4698150894477562,0.611851783637843,-0.2772172630337171,-0.0228197750534394,0.736451903414029,1.5209243508084709,-0.0534719411453414,
2.75,1.3547606963315086,-0.2193947490867072,-1.4477067055359747,0.6143566999025258,-0.2774343045000464,-0.0191403321382441,0.7278156212270135,1.5225967300101204,-0.0547547707119279,
2.7666667,1.3174733025975218,-0.224334215700219,-1.425356516553772,0.6148109829268811,-0.2770759922443363,-0.0155685762124298,0.7199740670354448,1.5242776251967898,-0.0548235572793416,
2.7833333,1.2824358138494782,-0.2310941204138212,-1.4020749942263655,0.6151673041109805,-0.2759253668307324,-0.0132973045567176,0.7139042974476064,1.5252643949114262,-0.0538135652608757,
2.8,1.248501777756016,-0.23824970435882,-1.3777939862389907,0.6142674378304593,-0.274111037033958,-0.012491613973706,0.7098357464656485,1.5256603804481064,-0.0522192504478772,
2.8166667,1.214495653106728,-0.2444950870561318,-1.35226753974626,0.6131796357178139,-0.27248660499392,-0.0130555722665262,0.7077687790379175,1.525481621731722,-0.0505577455201318,
2.8333333,1.1785709859236937,-0.2492497187640013,-1.3260721609111172,0.6098306267396536,-0.271030901786654,-0.0147912001058733,0.7070125922756777,1.5247630150498706,-0.048407350132425,
2.85,1.1433650479446245,-0.2477730859174113,-1.2984376504208903,0.6077148201125299,-0.2703817557183733,-0.0161245028490982,0.7085884743173799,1.5239020141101984,-0.046747953562416,
2.8666667,1.1086734145138208,-0.2391026980769496,-1.270380231119475,0.5989858687962152,-0.2679866543484955,-0.0252445302654402,0.7114254588454094,1.5231757347864223,-0.0378496224055183,
2.8833333,1.0750828442073193,-0.2278871945012757,-1.2434013265101562,0.5928672586127207,-0.2697478650494854,-0.0240862882349806,0.7165924437876844,1.5224500230437186,-0.0373841451884065,
2.9,1.0484713891759436,-0.2214124263219669,-1.2161664672716377,0.5836211325541855,-0.2719371071030185,-0.0240653592937882,0.7217455046677198,1.521950019548811,-0.0371498300239373,
2.9166667,1.011371441883759,-0.1990174900648029,-1.1888221079957109,0.5718724319392248,-0.2712746326533719,-0.0263812874673407,0.7232851068993267,1.520812131548088,-0.0383723495636882,
2.9333333,0.9834154422689134,-0.1849564973207204,-1.160140784101256,0.5569784521862283,-0.271106365809253,-0.0306774901212168,0.7257331734269489,1.5201736478707406,-0.0397642951952471,
2.95,0.9539618415963772,-0.1722961964021445,-1.130877903235534,0.5408815792954526,-0.2694992224771865,-0.0363833039312087,0.7270571873533617,1.520120841537958,-0.041108424390355,
2.9666667,0.9210464103721736,-0.1629189282234766,-1.099544559396655,0.5282896999959438,-0.2687670771017942,-0.0422975823105199,0.7280882179196971,1.5203139541911768,-0.0419660818027789,
2.9833333,0.8873727414493262,-0.1530247198748396,-1.0653531368058744,0.4939871479283653,-0.2648714676538237,-0.0585247386194363,0.7288082046333884,1.521643443564519,-0.0355796869738814,
3.0,0.8510994784330606,-0.1450958259168427,-1.030629755661444,0.484525405464835,-0.2641284411977427,-0.0663024148075795,0.7310880348601535,1.5214732629668752,-0.0376327189947328,
3.0166667,0.8152279711865151,-0.1391034721533058,-0.9955929388651624,0.4752436837652712,-0.2636775999626723,-0.0726718286300526,0.7328954528040242,1.521139075524751,-0.0384651029923903,
3.0333333,0.7894180891573799,-0.1362437086350769,-0.962805225599632,0.462571079846265,-0.263580411477808,-0.0742386628849126,0.7383740812940743,1.5208674305601084,-0.0381623499772919,
3.05,0.743495543686134,-0.1316023142381427,-0.9268391145263116,0.4576946648227779,-0.2605721553468194,-0.084618765486784,0.7378952194959948,1.52005391985485,-0.0390278502012425,
3.0666667,0.7053410393128956,-0.1316441494312471,-0.8925083153519872,0.4498088965543344,-0.2552665273828855,-0.0971156571616152,0.7408870752916011,1.5196596435191063,-0.0370134869971666,
3.0833333,0.6644469804500607,-0.1338918090511079,-0.8567180633050318,0.4465262842642432,-0.2517327719872761,-0.1024632283545342,0.7449388091535515,1.5192100449584636,-0.0352925841516527,
3.1,0.6162418933830567,-0.1400315649456878,-0.8170833066214006,0.4450637800324809,-0.2481234387736005,-0.1106595207165707,0.7479746954173956,1.5188534748904128,-0.0320929551116439,
3.1166667,0.5691181480924719,-0.1439961864576115,-0.7757584371437215,0.4434806456241378,-0.2452513233857223,-0.1156458565763484,0.7513261904425423,1.518847994032963,-0.0286887982669767,
3.1333333,0.5253558207219631,-0.1478158398746669,-0.7331400926382164,0.4399911688825857,-0.2441253008313862,-0.1185444904968814,0.754394801804394,1.5194317274298068,-0.0238662263018478,
3.15,0.4877077265982505,-0.1506534675565257,-0.6895760502041646,0.4103804861339092,-0.2423670149531568,-0.1230753645369269,0.7578102259711132,1.5209925396006156,-0.0077534361828268,
3.1666667,0.4657682640290577,-0.1477106485315834,-0.6553541510230513,0.396520719729672,-0.241639959655995,-0.1220031513560944,0.7642108761257423,1.5210886037443758,-0.0071922074104238,
3.1833333,0.4373854279140749,-0.144846207705492,-0.6184600291878236,0.3852883337586765,-0.2403160450388166,-0.1211166232307828,0.7653430605650026,1.5216300554928928,-0.0068201800083857,
3.2,0.3995207773510323,-0.1424056968827347,-0.5836280534828013,0.3759562244036076,-0.2409674556718019,-0.1184649242524085,0.7588179214853494,1.5229430656419705,-0.0054255982315245,
3.2166667,0.3762904179543843,-0.1385859527085581,-0.5530085653650172,0.3650204841915919,-0.2417750842684149,-0.1171690729588059,0.7607052025541987,1.52322966493671,-0.0039910388154818,
3.2333333,0.346488076760822,-0.1355948554330446,-0.5228768889191839,0.3540321017077433,-0.2429573125333176,-0.1164999042988133,0.7583636309560784,1.5236111277632174,-0.0010825287748434,
3.25,0.3275786658197836,-0.132846336583344,-0.4962905734358211,0.3426162556269573,-0.2436254535434466,-0.1167017507541418,0.7605903363274726,1.523536464497679,0.0001667496294001,
3.2666667,0.3062164731696158,-0.1300351869425013,-0.468719165673766,0.3322011432910872,-0.2431923488678338,-0.118088417986444,0.7589508616436776,1.523404310959245,0.0010978915119853,
3.2833333,0.2811781659471364,-0.1320840402960576,-0.4400299773257014,0.2977641954605846,-0.2394693381711856,-0.1260615010631075,0.7512399900270497,1.5234791237995,0.0131403374977749,
3.3,0.2656212298590868,-0.1294180997800529,-0.4151362187954708,0.2886018490458694,-0.2373398471155287,-0.1276382451229273,0.7474532289105443,1.5229911838458494,0.0128745645188677,
3.3166667,0.2476490284377783,-0.1266496539826834,-0.3905016735986868,0.27924774941489,-0.2346827163234563,-0.1299017284213854,0.7410885028679092,1.5223997624481829,0.0134582061113931,
3.3333333,0.2328655014974284,-0.1216786703880721,-0.3659504823599183,0.2683461145072546,-0.2338556503440297,-0.130686143964414,0.7364078345485477,1.5221691705946072,0.0141050787137903,
3.35,0.2089387398467385,-0.1146802378087851,-0.3360827595617798,0.2597940833774901,-0.2318079153974581,-0.1315751443486111,0.7287750178957934,1.521813033019145,0.0154321375416161,
3.3666667,0.1859317312816659,-0.1090249608799492,-0.309317969501635,0.2497979526874586,-0.2295238183642705,-0.131658513665524,0.7201759552041426,1.5215657668134943,0.0175567887992573,
3.3833333,0.1658392763088324,-0.1046465279110301,-0.2851678692366746,0.2423399944638091,-0.2258516375895599,-0.1311063663648179,0.7117790138571775,1.521324332625539,0.0203451264631776,
3.4,0.1453449369355128,-0.1108096272352897,-0.2627846085340747,0.2117744649451797,-0.221829745541693,-0.1330104118447313,0.7032932715541341,1.5209907031651764,0.0407597706121926,
3.4166667,0.1387989872479907,-0.1087383978880582,-0.2491299026089836,0.2140936938854136,-0.2206645338879314,-0.1185043008001957,0.6907422406385707,1.5199436562358946,0.0335911768084165,
3.4333333,0.1277356948835807,-0.1072641938416552,-0.2350518766731322,0.206509933027412,-0.212097459765344,-0.1343066757341691,0.6879861660840052,1.520540794284993,0.0512751004518439,
3.45,0.122494202184604,-0.106071849299342,-0.2261178596416836,0.2103870170271032,-0.2084704793530686,-0.1303142122064189,0.6753313620799085,1.5220022335168453,0.0426535231873753,
3.4666667,0.114155413637519,-0.1027459453388856,-0.2119267473658772,0.1969366453496563,-0.2055152503390129,-0.1302803138980879,0.6708585790550875,1.5191836189282588,0.0438615406118384,
3.4833333,0.1063216991158845,-0.0996801011965628,-0.1987657935153789,0.1797530365678751,-0.2033805997410212,-0.1256798654490042,0.6595409761616329,1.5184853102510751,0.0409356710028609,
3.5,0.0985430408309713,-0.0960268940706836,-0.1851462962918212,0.1662376583571085,-0.2023138930739787,-0.1197454176957912,0.6494793380287862,1.517663037992972,0.0349718408062235,
3.5166667,0.0901813586255549,-0.0931494779433341,-0.1742562325680607,0.1651080947042531,-0.201431012163205,-0.1167763661976584,0.6379836693146603,1.5166373619222489,0.0348628751886325,
3.5333333,0.0829851805910828,-0.0898966643576939,-0.1646374108209167,0.1660168677490131,-0.2010516318635612,-0.1138390779465828,0.6274783916988358,1.5167421799394052,0.0305118952016497,
3.55,0.0751522235423437,-0.0863121800947107,-0.1534997899451192,0.1565112517223449,-0.2005397166710416,-0.1150945400523662,0.6187847967389091,1.5149925306484464,0.0409477443179616,
3.5666667,0.0672879516216324,-0.0822379798310299,-0.1444618755576945,0.1568134996391578,-0.1999303604445149,-0.1135351218760309,0.6097621463029906,1.5149807608461026,0.0344502402580858,
3.5833333,0.0601417655765239,-0.0794567109251131,-0.135748797138262,0.1489056131621696,-0.1977020025953848,-0.1189004486524964,0.6010351467883784,1.5145889045838996,0.045921959389683,
3.6,0.0520466989949776,-0.0770230157876176,-0.1264695096494059,0.1411616445178702,-0.1959943007222013,-0.118702339819761,0.5919393597264185,1.5133436589374256,0.0414370681431763,
3.6166667,0.045311357870735,-0.0756381745187789,-0.1194690921071606,0.138319570609742,-0.1935487479923007,-0.1208639376032718,0.581659227838772,1.512690928835526,0.0371596591946858,
3.6333333,0.0402239403946634,-0.0734976826528467,-0.1126387717358208,0.1259515105881797,-0.1923719752775739,-0.1173793212546206,0.5733661552243833,1.5110914495932708,0.0231429178775242,
3.65,0.0362874743597,-0.0723378172916497,-0.1099797154965176,0.1258439380923977,-0.191413325086115,-0.1216351385604018,0.5666831807844847,1.5101929198858908,0.0220676810882955,
3.6666667,0.0347025071811094,-0.0707418597747593,-0.1082936433142212,0.1227404534812947,-0.1914393706345426,-0.1233667568548583,0.5618614659505513,1.5099630392539851,0.0187290055065047,
3.6833333,0.0344643229707543,-0.0685507685448837,-0.1070917647363361,0.1183630767856389,-0.1925798413734926,-0.1240559098838521,0.5585347235339222,1.5093561202052257,0.0235241592217494,
3.7,0.0342752453442334,-0.0669938065704048,-0.1066032985659158,0.1170741933700089,-0.1935463575893572,-0.1211561238714798,0.5526131877265155,1.510223222990496,0.0269507758358959,
3.7166667,0.0332198389859659,-0.067333195268233,-0.1064052955001331,0.1212612520336444,-0.1948377572461697,-0.1113627849070997,0.5484326445515106,1.5089711693382084,0.0148128654014771,
3.7333333,0.030537840917244,-0.0679948892066381,-0.1050105280202396,0.1202003658651245,-0.1935892398054799,-0.1091902494942326,0.5452072383947132,1.5092060861176708,0.0169706033893471,
3.75,0.0269492045159703,-0.0690857416312173,-0.1040372952538144,0.1257489153866021,-0.1909162385599863,-0.1099087605320412,0.5411256309536869,1.5096427214198276,0.015668630527926,
3.7666667,0.0233629255309173,-0.0700749406696396,-0.1032322921559952,0.1306750696757772,-0.1879325084937784,-0.1172028778920219,0.5406659164646993,1.510805667985286,0.0208034432925001,
3.7833333,0.0215473954712163,-0.0707970910680045,-0.1041829349513788,0.1376929923468212,-0.186737889612917,-0.1211074574596831,0.5420270668088044,1.51176215920446,0.01318076403564,
3.8,0.0219688577535208,-0.0722708322530899,-0.1059294866319812,0.1360934841321005,-0.1885300252793242,-0.121778169863399,0.5455080977275732,1.509826650499588,0.0221634672011059,
3.8166667,0.023917927317615,-0.0734796034852569,-0.108942201206544,0.141364255776477,-0.1886774052446858,-0.1292994104096003,0.5492118623294938,1.5113057603174525,0.0265960783315996,
3.8333333,0.0271770026210126,-0.0734438886382405,-0.111743974764112,0.1373125095226889,-0.190258604955553,-0.1316460399718929,0.5534050683918207,1.5097382654554707,0.0279174301073044,
3.85,0.030589430406472,-0.0728090214576361,-0.1147930894019556,0.1334251959737189,-0.1918431302167771,-0.1305943639058357,0.5563229644641103,1.5079248430553744,0.0165599940879302,
3.8666667,0.0326830734464905,-0.0738075911688124,-0.1189276626988581,0.1380586496461553,-0.1923312356276409,-0.1342277351902331,0.5587389511419493,1.5083156250674228,0.0239108311579422,
3.8833333,0.033480894165372,-0.0744238152659457,-0.1219186323908032,0.1416650692071776,-0.1910238990203626,-0.1379939413896047,0.5591822879848348,1.5085121655472924,0.0180481406970628,
3.9,0.0321663619146535,-0.0748586605584216,-0.1218200052310364,0.1417551838725837,-0.1906122742863869,-0.135891098719099,0.559258001065918,1.5077574916364482,0.0162285855590409,
3.9166667,0.0287282861667702,-0.0751599305672546,-0.1209882863783569,0.1477866478466639,-0.1917082316244953,-0.1260191509978737,0.5588242275801358,1.5058558376066755,0.0081561871392865,
3.9333333,0.0266965113835434,-0.0762239223746456,-0.119629594854102,0.1414647963407027,-0.1904107744534479,-0.131210644028038,0.5598031944512855,1.5074365974945718,0.0116724688220237,
3.95,0.0242683749451827,-0.0763780635709964,-0.1177634306984056,0.1476108298355362,-0.1910288182308594,-0.1260520799503381,0.5590358223974684,1.5061101038043576,0.0054469739770054,
3.9666667,0.0231351316146652,-0.0773411990841,-0.1157583130269763,0.1420089420049201,-0.1895353820523628,-0.1368676223038287,0.5605794512781926,1.5083527536311334,0.0152838411038644,
3.9833333,0.0234505476916185,-0.0785901591402881,-0.1157041031004093,0.1429408554975677,-0.1899624754649659,-0.1389476683563096,0.561986067972911,1.5086022428626524,0.0164623703179504,
4.0,0.024944369238814,-0.0798517761496787,-0.1159645831938269,0.1440549078857619,-0.1909405927098357,-0.1383829114008236,0.5632864501412518,1.5084105184443208,0.010761002559695,
4.0166667,0.0262689222974327,-0.0799094774328813,-0.1170791225288824,0.1464210842630123,-0.1922514178812229,-0.1399200050706967,0.5658777713740155,1.5093406485595386,0.0157371217856303,
4.0333333,0.0274150522664823,-0.0801031712807409,-0.1169833337980782,0.1443648797571795,-0.1936879453305302,-0.138861509828719,0.5681715094314582,1.5094795854946437,0.0163618180600187,
4.05,0.0283419800515886,-0.0814178988338026,-0.1182692014592936,0.1502998575668863,-0.1946874212166541,-0.1370063861022719,0.5701525145066065,1.5108919671864145,0.0082458408632371,
4.0666667,0.0294327553326148,-0.0817574746309267,-0.1165232321950625,0.1409592203585593,-0.1970075753559244,-0.1322968331073888,0.5723868597077356,1.5100842375352377,0.015036681363298,
4.0833333,0.0311250634017957,-0.0841476986782098,-0.1191032335713637,0.1502904347087877,-0.1966890333942808,-0.134118940265843,0.5739462435010846,1.5122238811711533,0.0078175491075695,
4.1,0.0328933777673742,-0.0852455641847893,-0.1183832465086066,0.1424254479012148,-0.1983245194771362,-0.1316571914040827,0.5759974530491311,1.511324120483052,0.0188241914005853,
4.1166667,0.0351525457392568,-0.0861488214655143,-0.119201385827041,0.1439242637080648,-0.1975173963278746,-0.1343265086085912,0.5783040245125636,1.5118445762697332,0.0110424489443509,
4.1333333,0.0389891810354012,-0.0880819423854366,-0.1226553613498771,0.149628058695711,-0.1979111562206927,-0.1313712050689765,0.5797490202994016,1.5122691028266055,0.0064813613350911,
4.15,0.0437007612302105,-0.0901637222479964,-0.1265494872679834,0.1567064104250456,-0.1994266652291734,-0.1260475288297806,0.5837480898983706,1.511274989813674,0.0003478690781307,
4.1666667,0.0497227189194539,-0.0911031249484643,-0.1274648717944829,0.1520922644574593,-0.1979901225955016,-0.1363426567608932,0.586926517202225,1.5127014507274543,0.0064856787560618,
4.1833333,0.0564738966377303,-0.0949081710068781,-0.1327301627559423,0.1650730935223677,-0.1991387007378929,-0.136118043358137,0.5910792536170542,1.513230775230197,0.0044423394212113,
4.2,0.0636192403869418,-0.0960119606845377,-0.1328944289563497,0.1578478505198621,-0.1999483343687507,-0.1370474006415621,0.5946555170301946,1.513365216197149,0.0153594906549628,
4.2166667,0.0722529103396658,-0.0974806220888351,-0.1345692168869004,0.1556439831307961,-0.2022335953620164,-0.1342386143510596,0.6005716393498605,1.5129972697239678,0.0105148956017334,
4.2333333,0.0818783898197744,-0.0995010288445119,-0.138265482158091,0.1578641122761017,-0.203769523326482,-0.1380475921126793,0.6082416360535384,1.5140252833141583,0.0195366080977119,
4.25,0.0936333395861218,-0.1022917827422486,-0.1429768951503579,0.1554710368844197,-0.2070178859734638,-0.138087751615169,0.6179619521873443,1.513989721357984,0.0266992721453542,
4.2666667,0.1081838484907026,-0.1049695457695405,-0.1502408364657033,0.1545151123736537,-0.2091754866039216,-0.1403530950855439,0.6289879170205089,1.5131213371519776,0.0222866736581956,
4.2833333,0.1249979752586268,-0.108582206453435,-0.1602945518509435,0.1636295214006006,-0.2101590611442965,-0.1468882364726072,0.6419206490000225,1.514695595164811,0.0188070431916186,
4.3,0.1339182424116952,-0.1093282230075905,-0.1604798098243964,0.1640286614453709,-0.2120081496967231,-0.1472102589698452,0.6464292297749995,1.5144292554774954,0.0189913382669232,
4.3166667,0.1686878672763876,-0.1164189245121792,-0.187294461148744,0.1715082088682688,-0.21547679994791,-0.1480053430124595,0.6650568677802788,1.5139515223838431,0.018785179103013,
4.3333333,0.1952745185610984,-0.121214453822279,-0.2047041508061164,0.1750070060170924,-0.2178343271715191,-0.1506455067607415,0.676558584060263,1.5145033502892964,0.0167208467733867,
4.35,0.22018010937646,-0.1245964687219237,-0.2201801514388949,0.1760525783176895,-0.2214216240325919,-0.1521794693099365,0.6894084020792656,1.515263403479428,0.0152465943813634,
4.3666667,0.2460809281210789,-0.1272126608965283,-0.23619371958994,0.1772915269907553,-0.2254606494541269,-0.1532818747669663,0.7026638532914545,1.5161225941635998,0.014214061261075,
4.3833333,0.2714326601743682,-0.1268783746687683,-0.2501002747807647,0.1746425591035945,-0.2294609201886871,-0.1568238876643327,0.7169075376768578,1.5180469203694211,0.0129308004236304,
4.4,0.297396931411141,-0.1262210316616555,-0.2669300522651574,0.1738627894525018,-0.2348659381958039,-0.1602956103931348,0.7303256251264658,1.5185268546723265,0.0172460114583899,
4.4166667,0.324546369698211,-0.1280485266515106,-0.2851758312541892,0.1750884582643549,-0.2413343144557931,-0.1620080733499848,0.742221812870004,1.518523450582153,0.0182362781147157,
4.4333333,0.3507570702552582,-0.1284879176540233,-0.3008530095321269,0.1768448803054762,-0.2478557078843385,-0.1669248440509695,0.7539484176166344,1.5192145116050852,0.0224866801874267,
4.45,0.3788019861924453,-0.1305318575566694,-0.3181925500435386,0.1785621842820725,-0.2548604226017351,-0.1724997901065872,0.7668382371858293,1.5192964734884893,0.0249890662482929,
4.4666667,0.4127134098001188,-0.1353697023744837,-0.3386752993834274,0.1825360712233962,-0.2617503295609356,-0.1764984359396138,0.7808158684669805,1.5189507066594423,0.026750983633097,
4.4833333,0.4508676239251026,-0.141999954431937,-0.3626011107023395,0.187595798701819,-0.2676648580459285,-0.1810471381689027,0.7955276335771407,1.5186457890870058,0.0285240932907953,
4.5,0.4982417866133026,-0.1499776793862791,-0.3899070160115216,0.194952147172543,-0.2680551180299976,-0.1953626124842965,0.8113384663766694,1.5196666777195909,0.0355166959467818,
4.5166667,0.5494469326979303,-0.1581570380403139,-0.420681722193805,0.201758718674218,-0.2683715856678252,-0.2055761267251907,0.8264461367383643,1.5204533229207386,0.0418985394805889,
4.5333333,0.6015517399868922,-0.1668794030076304,-0.4516347156790418,0.2077444033601501,-0.2695511425317748,-0.2123425656024466,0.8396146127834057,1.5210003583265987,0.0445900211448673,
4.55,0.6489731370442378,-0.17521906055415,-0.4822686188201839,0.2137770799889946,-0.2732151061218342,-0.2156682091597787,0.849967784605853,1.5211382604559902,0.0458184131939524,
4.5666667,0.6975774589273904,-0.1824447124872993,-0.5123067656893967,0.2195613103950811,-0.2771436431260057,-0.2193748347054091,0.8592815219270837,1.5215312176718852,0.0470365481175564,
4.5833333,0.7371393954131735,-0.1875404937556794,-0.5406229658316699,0.2224920871717835,-0.2819870105146392,-0.221169435125786,0.8615164310440939,1.521774811530257,0.0470641318246537,
4.6,0.7840034983683818,-0.193838878088117,-0.5733580752226112,0.2301214519123433,-0.2876617583366104,-0.2206907778802948,0.8669703154777397,1.5220496919862667,0.047520183565673,
4.6166667,0.8372216393189519,-0.191635206699526,-0.6090061026577497,0.2715152051722754,-0.2913910750823789,-0.219591592381202,0.8739410357191636,1.5224423483073988,0.0475912669863824,
4.6333333,0.8782573368865739,-0.1925788974994331,-0.6395164836117404,0.2788199936498357,-0.2965666713046502,-0.2185939935966886,0.8751368522449577,1.5225596660235925,0.0478786124093771,
4.65,0.9208546170133366,-0.1888504665082599,-0.6702238926905937,0.2873886883106336,-0.2988712249929345,-0.2208856054940365,0.8729857700701903,1.5228290904058277,0.0485912582682344,
4.6666667,0.9524772619166372,-0.1903887686441071,-0.6999518170591082,0.2919005138272229,-0.3034990573089162,-0.2227072401918621,0.8682371845319155,1.523018794431017,0.0482583902950245,
4.6833333,1.0001844636203137,-0.1891349932245127,-0.7278982700720111,0.2964019406721288,-0.3085851876046644,-0.2247687674283147,0.8755356721963432,1.5230489003134162,0.0499604414902218,
4.7,1.0349304415425695,-0.1913986629241349,-0.7563798822233458,0.2966441592110498,-0.312475934390806,-0.2274916065505991,0.8732422835538167,1.5233594024158608,0.0497648422664179,
4.7166667,1.0879723792878462,-0.1862711290552062,-0.7834127859234578,0.2956044271311957,-0.3140367011830543,-0.2309593031538826,0.8801938924399314,1.5242441295359173,0.0498704624368986,
4.7333333,1.130489941326491,-0.1867520232891996,-0.8099369257975475,0.2969768126832946,-0.3190402232999764,-0.227777385889656,0.883607085028669,1.5246183246368863,0.0487373369161057,
4.75,1.1632476506368503,-0.1881193233009241,-0.834153928721527,0.297930942122925,-0.3229031614060801,-0.2264171111772367,0.8820572073456238,1.5247668816522957,0.0473639080061799,
4.7666667,1.2097228080154492,-0.1843975439340632,-0.8577281687698991,0.2989312433752522,-0.3302134494161134,-0.2181887323331657,0.8865202933211208,1.5244831715755995,0.0439286460781166,
4.7833333,1.241631732992769,-0.1841652531769934,-0.8810283085244368,0.3090525246446272,-0.3387174478631325,-0.2079403233754705,0.8868330198456967,1.5235702031083835,0.0310008252805852,
4.8,1.2672571857307804,-0.1875997073666789,-0.9058514089706968,0.3165873651454258,-0.339982047291149,-0.2080468279042833,0.8839884429608882,1.5235345788439554,0.0303852666774956,
4.8166667,1.3018459656870334,-0.2029815256696966,-0.935405423147489,0.3646209312019206,-0.3520628763833154,-0.2015579787576352,0.8915226897006753,1.5229636631451378,0.0289539718998188,
4.8333333,1.3262692829346936,-0.2087455460357097,-0.9617845855019324,0.3725457702364663,-0.3518757835452198,-0.2023363025779755,0.8906213973116224,1.5229470266667078,0.0288483791310073,
4.85,1.3607318780294886,-0.2266329949666731,-0.9894671243115816,0.3837299852946397,-0.3607397659243067,-0.2015830572191242,0.8993457606809324,1.5231818614156951,0.0325766005081372,
4.8666667,1.3835665967665165,-0.2304531192735607,-1.016225504300983,0.39028034473105,-0.3607093300001457,-0.2025098914545826,0.8979090449105988,1.5232125490163346,0.0323063352262684,
4.8833333,1.427514595404445,-0.2275872174323525,-1.047046041782226,0.3968917186091819,-0.3560164813770005,-0.2040600377437996,0.9012306288320908,1.5236503685243887,0.0334196222875856,
4.9,1.4514032360972116,-0.2277387254504609,-1.0760874319882894,0.4026051321063358,-0.3558919193226808,-0.204288766458399,0.8984896925653253,1.5238627087718448,0.0330657035492016,
4.9166667,1.4970351297937277,-0.2095868966623993,-1.104264416640909,0.4073917804830698,-0.3490292702176062,-0.2015080677515489,0.8995010897483721,1.524164625250633,0.0334267641748848,
4.9333333,1.5306741205951344,-0.1981572368241825,-1.1318375812513892,0.4108950744727112,-0.3409716030748704,-0.2031969853441249,0.8978975321952538,1.524254294158948,0.0320184510201335,
4.95,1.559174894192728,-0.1931515838347766,-1.1571351967532264,0.4158566212465898,-0.3398453796331374,-0.2023552420183536,0.9010908742102312,1.5243318422792067,0.0318287113902273,
4.9666667,1.581155621057827,-0.192406774175799,-1.1818011227954286,0.4211287821730509,-0.3390632661793922,-0.2019081797701796,0.9030454832748382,1.5243112107421188,0.0317174834768599,
4.9833333,1.6147850650827582,-0.1875937955874365,-1.203200806165127,0.4258740435572323,-0.3467503726947933,-0.196544118008356,0.9134654139411744,1.524370595046319,0.0337742974516675,
5.0,1.6413948898020796,-0.1868806104218403,-1.225485318407577,0.4291422985943636,-0.3504411455893608,-0.1919475237698595,0.9227531402714968,1.5245214407119765,0.0355998504136639,
5.0166667,1.66324279641297,-0.18627619068457,-1.2467438069097168,0.4318284086588032,-0.3509527099707007,-0.1895034714995168,0.9274400532043888,1.5245772552942576,0.0363907688789524,
5.0333333,1.697097304833736,-0.1827188520510418,-1.2661158742667296,0.4311421465931824,-0.3576887132728616,-0.1790074978848689,0.9378268060343092,1.5248127499522353,0.0400403017376904,
5.05,1.716436306055405,-0.1824378152951613,-1.2858933248857805,0.4318403360643784,-0.3576113089677332,-0.1765661609977765,0.9399319548083556,1.5248171588284587,0.040551750229168,
5.0666667,1.7474276585614754,-0.1797119106765787,-1.3054170761900905,0.4289111269424103,-0.3621191980687275,-0.1648603713968712,0.9459872734190532,1.5248949191807544,0.0432236248646296,
5.0833333,1.7641829649410803,-0.1805332769342671,-1.3248897532263677,0.4300066057112376,-0.3617139144649902,-0.1623522336034551,0.9463378652108172,1.524886007180528,0.0433186416363057,
5.1,1.7911606209418525,-0.178398076732094,-1.345928353106569,0.4340787555621133,-0.3611742172959703,-0.1516850198017745,0.9464367936144128,1.5243237182951372,0.0326896695693326,
5.1166667,1.804917891664036,-0.1803724589808628,-1.3658481923983865,0.4375993368634627,-0.3614854112469302,-0.1496835226413455,0.947500726255142,1.524496927737165,0.0326667781799293,
5.1333333,1.827300843966957,-0.1820563234961884,-1.386964459779368,0.4414801827458236,-0.3628506051698463,-0.1439918573429348,0.9553883496340476,1.52455629860233,0.0320955954457363,
5.15,1.8389177259721663,-0.1831144888709374,-1.4056663095335078,0.4466802497059384,-0.3621164472552935,-0.1431779895433118,0.9553435040970494,1.5245736166318329,0.0315763709888423,
5.1666667,1.860206485639386,-0.1794012495746395,-1.426118979869068,0.4523446107244649,-0.3581862869203846,-0.1414755264504111,0.9578927260683928,1.5242491857547602,0.0235730418798405,
5.1833333,1.8697105190014884,-0.1793007241947782,-1.444395079415997,0.4576657187116665,-0.3575968033617869,-0.1403966605980687,0.9562448149865924,1.5243325877093303,0.0229570968608546,
5.2,1.8863124643469185,-0.1719193963972668,-1.463247700833834,0.4627910803438081,-0.3542059874648561,-0.135877780111577,0.9543453845062873,1.5234195223763407,0.0092804753599449,
5.2166667,1.8951433385282264,-0.1710492734942593,-1.4812910706733866,0.4661283106184454,-0.3532471671037953,-0.1354697441236093,0.949840593364715,1.5232563129727954,0.0085288648510039,
5.2333333,1.9044635995411352,-0.1690356588618996,-1.4975704685265396,0.4678825923623049,-0.3518198171192938,-0.1353808173292922,0.9450954839987116,1.5227165245230556,0.0076535319656463,
5.25,1.9131714911910969,-0.1669583671135113,-1.5118485282187584,0.4690875552860442,-0.3505610444729851,-0.135706328390639,0.9398648228130728,1.5221154655917928,0.006913285295465,
5.2666667,1.9217995345513783,-0.1643236760196318,-1.524038866074979,0.4694465593902697,-0.3491279575912323,-0.1361826966368162,0.9352562072702874,1.5214343002366535,0.0063329050251799,
5.2833333,1.9322637885522005,-0.1608187929077065,-1.534005176069411,0.4680925116635557,-0.3475968085127915,-0.1366209715012722,0.9314317746181412,1.520315986278025,0.0059715618306908,
5.3,1.9402301793383805,-0.1586693578001541,-1.5429309198911394,0.4678513553320174,-0.3472954285482156,-0.136341156824934,0.9272577991171116,1.5200079531183404,0.0059816674615928,
5.3166667,1.948525337970291,-0.1584848387991065,-1.549892283946042,0.4691651068969614,-0.3506554074443234,-0.1326854868649472,0.9276885029178054,1.519134943615283,0.0132086268208847,
5.3333333,1.9543345304244053,-0.1580435562087504,-1.5583021567865012,0.4673499351533559,-0.3496431836733429,-0.1314823876037833,0.9223455156576336,1.5197080078144096,0.0136019596316349,
5.35,1.9603311436639816,-0.1595147293163744,-1.5665305684427615,0.4644778785830735,-0.3502610260397586,-0.1255316787924624,0.9152172913194564,1.521015336393173,0.0156243421000249,
5.3666667,1.9635321171311133,-0.1605588728904459,-1.5754280627142834,0.4625911661424945,-0.349239228963298,-0.1238776449211131,0.91090128633442,1.521442900521076,0.0159232281636326,
5.3833333,1.9654562370390172,-0.1659478359628394,-1.5845066485092671,0.4621010324845069,-0.3512728085915043,-0.1176554201249813,0.9079183832052118,1.522021832342615,0.0220582924386503,
5.4,1.9662149721564977,-0.1669614488413715,-1.5926597930160686,0.4596684625607802,-0.3495728092053757,-0.1165500964774421,0.9044316160873234,1.5223571172477728,0.022175345911995,
5.4166667,1.9654838884648893,-0.1677775564220237,-1.60011083973588,0.4560833630692357,-0.348161517471723,-0.1151175946300546,0.9013058064461594,1.5227088944671645,0.0223885946033268,
5.4333333,1.9611698448808668,-0.1690635633605134,-1.6066816809601283,0.4520551164520952,-0.3475513117934493,-0.1142597827559919,0.90195259631995,1.522929438285704,0.0267820628856201,
5.45,1.9572143149635497,-0.1695978660658812,-1.6125964187100987,0.449804258865446,-0.3461385628844041,-0.1135123825048055,0.8989474835269443,1.5230960166983043,0.0269921062797807,
5.4666667,1.950758399132689,-0.1706392364863042,-1.6185592802490014,0.4473768406300724,-0.3449525706424365,-0.1133257944159296,0.8959572313398546,1.5231307681235735,0.0271395375578222,
5.4833333,1.936431569356116,-0.1752094254640144,-1.6239378626266026,0.4460025860048775,-0.3442684139674925,-0.116660784385939,0.8946047404468334,1.522610929834382,0.0274066992952152,
5.5,1.9249674787096132,-0.1817542654711981,-1.629995419971132,0.4466237717240084,-0.3453016605783791,-0.1199912015933082,0.8949672505684603,1.5224040545618795,0.0310134523886575,
5.5166667,1.9110153339479303,-0.1883865892344735,-1.636478874654128,0.4471134222748591,-0.3430405729188523,-0.1246984905470856,0.8921868773655156,1.5218410012222767,0.0306964906481186,
5.5333333,1.8960886687159,-0.1980414391152346,-1.6431333222110016,0.4472762871504102,-0.3420570189733626,-0.1281112347607385,0.8897310065981431,1.5213142617266893,0.0302589416660985,
5.55,1.886851008027836,-0.2009738589448947,-1.6498136317076657,0.4460151586586772,-0.340461047842904,-0.1282626265399186,0.8861504732369876,1.5212379672764322,0.0300226490435867,
5.5666667,1.86746824791116,-0.2161815860655468,-1.6557201842125098,0.4452325299837368,-0.3385299080462156,-0.1311047760208035,0.882548618410091,1.5202432046519534,0.0285490225266332,
5.5833333,1.8593244349817375,-0.2180288748344487,-1.6604001207153156,0.4422548303791605,-0.3362734170603397,-0.1301038145104202,0.8788739974905532,1.5202848105087938,0.0283818044508618,
5.6,1.84381686727691,-0.2262271223143133,-1.664649187436616,0.4370005746109627,-0.332275998542843,-0.1304645363676956,0.8735088658418981,1.519758621140987,0.0270029540246806,
5.6166667,1.836553807352837,-0.2261461863354434,-1.664568991826415,0.4341074112504371,-0.3298701037078051,-0.1293436754500893,0.8711598732783312,1.5198960424321697,0.0270368296437313,
5.6333333,1.820198926278463,-0.2287740156673687,-1.670164878342398,0.4271087395610426,-0.3229093677969002,-0.1303899664772725,0.8641643042607479,1.5197591703961024,0.0247956343743541,
5.65,1.8113917163183508,-0.2275035381449645,-1.672956713122541,0.4222096640552122,-0.3198407346184327,-0.1295093473386764,0.8610000844606036,1.519917001916624,0.0244796550796511,
5.6666667,1.7949526798307691,-0.2223246566894421,-1.6745521159737946,0.4132628486988917,-0.3132436855301365,-0.131423519044377,0.8554287533309327,1.5198293488635948,0.0219968367776937,
5.6833333,1.7801567561658085,-0.2141631595604393,-1.6756290136183396,0.4062789803686139,-0.3066946846580161,-0.1316991660489944,0.8488997317663585,1.519801232132944,0.0196440407926208,
5.7,1.7648728653200605,-0.2021314295471912,-1.6766863393151854,0.3996260748101343,-0.2998332082396659,-0.1303748763605597,0.8405880593526641,1.5195097748887645,0.0161492929821947,
5.7166667,1.7478529127461129,-0.1919969890188549,-1.6764422145276554,0.395272032293913,-0.2939199348209382,-0.1286424342706963,0.8317520559977503,1.5193118618819712,0.0146369400526004,
5.7333333,1.729495970420896,-0.1808638749322518,-1.674923708788849,0.3910955159425584,-0.2881776160533773,-0.1260126253863334,0.8220611697803244,1.5189863386033196,0.0133002288558793,
5.75,1.719262386813466,-0.1797901548341431,-1.6727257605094084,0.3881575292107161,-0.2841729788540945,-0.1242012828951067,0.8187367978698854,1.5191877939303626,0.0134294551280921,
5.7666667,1.693777914092982,-0.1706344668505243,-1.6676306080831576,0.3866148997055216,-0.2788750603585325,-0.1209963140202514,0.8032130258301505,1.5190801308519926,0.0123693716364951,
5.7833333,1.6765197380387715,-0.1699878719300112,-1.6640459272961008,0.3857949262205763,-0.2755109687685753,-0.1173327946164868,0.7956371344872133,1.5189914997164504,0.012081632641754,
5.8,1.6594098758756055,-0.1737099253135647,-1.6612462282368816,0.3844710255660319,-0.2725974344486193,-0.1116291795722864,0.7890447201207458,1.5184436230618912,0.0115721034888548,
5.8166667,1.6513945338398954,-0.1738984344863482,-1.6588239047921274,0.3819126283988107,-0.2692517981447056,-0.1100202546081196,0.7862414541321343,1.5186120263907577,0.0117225044446186,
5.8333333,1.6377024502926092,-0.1818346614451974,-1.65844908748128,0.3785856374472961,-0.2650362558822105,-0.1059756439584453,0.7759878234983831,1.5183885373291055,0.0118511088560189,
5.85,1.6316332447951851,-0.1821005421109194,-1.656418493762358,0.3754759640731985,-0.2625823023590213,-0.1045291033806864,0.7744425227667684,1.518445076921158,0.0120671828863438,
5.8666667,1.6190060386353526,-0.1912854847798613,-1.65629481484464,0.3664776941416011,-0.2610670228613372,-0.0940249302092126,0.7676314371455161,1.5170768314645775,0.0140390801353236,
5.8833333,1.614375030692797,-0.1909257102873039,-1.6547915603164365,0.3629153209313127,-0.2591224382698219,-0.0928573656770863,0.7664536898389349,1.517131416811467,0.0142081161460439,
5.9,1.604390561071097,-0.1854442801947385,-1.652399098757052,0.3482657089156781,-0.259134529212748,-0.0893060028763841,0.764230518933809,1.515513260975419,0.0135688346786954,
5.9166667,1.5975906752276543,-0.1826151588985881,-1.6514424227075104,0.340620644065832,-0.2569881402283391,-0.089233367159838,0.7612400988460453,1.5158444773435578,0.0131563093548257,
5.9333333,1.5900121369183735,-0.1812670913680231,-1.6502639118193814,0.337898177222277,-0.2543761296880893,-0.0883083712796807,0.7588036206065245,1.5160343571234032,0.0131442323745336,
5.95,1.5691939885287938,-0.1534454604634985,-1.6472912558672772,0.3301846242563193,-0.2459785945801126,-0.0977319591004332,0.7504952821207673,1.5167365324030118,0.005487560561563,
5.9666667,1.5540076146388755,-0.1439985634215198,-1.6491406631168253,0.3312506085315843,-0.2425409659855836,-0.0971154892609411,0.742921113068736,1.516976891642681,0.004375777799528,
5.9833333,1.5313797432490817,-0.1170799648247794,-1.6461047861032263,0.3280331048765741,-0.234375753748735,-0.0990327126748388,0.7323538989537459,1.5168446799847823,-0.0054249884134839,
6.0,1.5121048757215731,-0.1005352701185392,-1.6460803480030402,0.328194957461159,-0.2301617573243584,-0.0985770663738047,0.7239509873590085,1.5170118491913345,-0.0086171062545238,
6.0166667,1.4963956723971907,-0.0889725413166956,-1.6454751496743905,0.3287908598171468,-0.2259896833595488,-0.0987705567162735,0.7154384940454541,1.517381724427872,-0.0114569398580242,
6.0333333,1.4841855931218009,-0.0804693076729547,-1.6458058239432634,0.3259913345927211,-0.2219125813114536,-0.0994433773031929,0.7085035333314756,1.51793732346624,-0.0164700637292932,
6.05,1.4736402422227517,-0.0787215998862558,-1.6460939390564582,0.3261065558194171,-0.2196546902224518,-0.0994144250834292,0.7005002965503913,1.5183203092670523,-0.0184171570570753,
6.0666667,1.4670743006613125,-0.0793783438963693,-1.6465147363683177,0.3247438273486024,-0.2179889593289886,-0.0986863901329582,0.6971479761590413,1.5184962463096352,-0.0185651936153015,
6.0833333,1.4461722686062892,-0.0875236405301892,-1.649221725806599,0.3288815026191845,-0.2185991554079513,-0.0982029601100946,0.6876655141938288,1.5184998217911407,-0.0221116850275285,
6.1,1.4315855381856095,-0.0976575722950485,-1.6522068210693477,0.3335184738281954,-0.2194936438054484,-0.0952551873171363,0.680720416433022,1.5183264624253303,-0.024088601843437,
6.1166667,1.418140521527374,-0.1068527752310642,-1.6555314437836002,0.3378004942856355,-0.2197461823017035,-0.0912182992258034,0.6733363751721223,1.5180471024072624,-0.0251602758920636,
6.1333333,1.4127653315462398,-0.1074633481266125,-1.6580444330687385,0.3371911651117122,-0.2180786095622806,-0.090104233049508,0.6701034824254986,1.518143823667486,-0.0251898164623182,
6.15,1.402954414323765,-0.1099160282575794,-1.660555441754241,0.3399000875021399,-0.2178922914758401,-0.073960890592865,0.6580420394034657,1.516602002249735,-0.026915486500151,
6.1666667,1.4010255589885348,-0.1097229709312981,-1.661398072056338,0.3392053195744096,-0.2161669797541027,-0.0734216922389453,0.6562610389376862,1.51669072187347,-0.0269274873840877,
6.1833333,1.3985569502846824,-0.0955061181906175,-1.662695955087723,0.3355793282402213,-0.2087425416259353,-0.0702007981073302,0.642560686544003,1.516705295023658,-0.0278108091650305,
6.2,1.3956984599841429,-0.0956077136318431,-1.663323609695193,0.3346162531155099,-0.206992977332511,-0.0697117826817943,0.6397047676370504,1.5168114810298827,-0.0278993896860241,
6.2166667,1.3878159853265308,-0.0901592227891848,-1.6651648152935203,0.3337167184475466,-0.2010809125542902,-0.0688361916622403,0.6230145575006886,1.516469934930566,-0.0300945382828118,
6.2333333,1.3839359290311235,-0.0906140154496817,-1.6660481988591187,0.3328126124132064,-0.199525766420365,-0.0683986795066674,0.619863603075524,1.5165563625879273,-0.0302524431071616,
6.25,1.37435513259786,-0.0932005117197283,-1.6683550048948028,0.3357763670115923,-0.1952315403518669,-0.0688856591801637,0.5977315977031132,1.5160662076369225,-0.0335059710560646,
6.2666667,1.3614891301407035,-0.1001531449395808,-1.6707634828171338,0.3377002418752692,-0.1929924379067957,-0.0656789407872663,0.5873534664506319,1.5143141204700643,-0.0392432878845222,
6.2833333,1.3558966122847098,-0.1017280598943445,-1.671806371150407,0.337231765309838,-0.1915331826054361,-0.0652042361889321,0.582815609522782,1.5143421738452636,-0.0396216325057879,
6.3,1.339686553046613,-0.1158109654217187,-1.6734010226374183,0.3435676167998611,-0.1909231825269483,-0.0654343780966269,0.5661716431066822,1.5113745280353106,-0.0471051790016008,
6.3166667,1.3260952439376723,-0.1273892742541962,-1.6743812901279265,0.3475236546079905,-0.1908655908504226,-0.0651160160784291,0.5568803001050838,1.509129455167934,-0.0523433431831611,
6.3333333,1.3114977572273463,-0.1405021137405401,-1.6749107703140382,0.352935721999956,-0.1900949241385766,-0.066177868461223,0.546879727552106,1.5077768220305787,-0.0555346381014587,
6.35,1.2934728678065786,-0.1579535309042021,-1.675967067837422,0.3588333164278815,-0.1907014969140123,-0.0675927285205314,0.5404368535195482,1.506289095347664,-0.0582177648746078,
6.3666667,1.276111430568904,-0.1713148651334572,-1.6757447362781297,0.3641361305719953,-0.1918346625773781,-0.0683118139461969,0.5348183297341008,1.5053802910615106,-0.0598271965078565,
6.3833333,1.2596971918938678,-0.1807546124341551,-1.674638475912381,0.3676472539341283,-0.1939366756928904,-0.0672055567220408,0.5310329545835546,1.5048670728061715,-0.0603912865730353,
6.4,1.2543465710871466,-0.1803545766864127,-1.6743067338510715,0.3668928709696704,-0.1920791085054905,-0.0664366025272569,0.5288035449990173,1.504991166065054,-0.0603346911304467,
6.4166667,1.2418575696967982,-0.1822815236786391,-1.67112849766077,0.3729632880746613,-0.1933254243878618,-0.0629646558727118,0.5199341801990504,1.505370562421727,-0.0605816543469393,
6.4333333,1.239395161973245,-0.1815586746249746,-1.6698832869208813,0.3719203712925211,-0.1926001714922185,-0.0622475074134502,0.5191488265415488,1.5054374856756312,-0.0605269042409688,
6.45,1.237414867596168,-0.1800947353835013,-1.668149019914752,0.3713309257821011,-0.1921242065916316,-0.0614288914455971,0.5180232994861873,1.505509793444811,-0.0605209900182655,
6.4666667,1.23663051889925,-0.1679446170690965,-1.6650815630882003,0.3728205608080197,-0.1909014360735342,-0.0524058322535678,0.5087971244608646,1.505945182058283,-0.0608132061316038,
6.4833333,1.2367211777583167,-0.1623580767912578,-1.664807784807613,0.3666240948027193,-0.1910463256285861,-0.0381511627658524,0.5084656986532156,1.5047268191946788,-0.0628736615613627,
6.5,1.2345698966160146,-0.1617500998984389,-1.6631361138605736,0.3657799992967152,-0.1905681055880726,-0.0376657709929095,0.5067774774470112,1.5046615220640385,-0.0631125983576912,
6.5166667,1.2302123325489616,-0.1519224386852526,-1.6587958088308947,0.3623322355752199,-0.1927276245099113,-0.0323729396085184,0.5012042145869241,1.5034161854859105,-0.0663265268802616,
6.5333333,1.2286786379078067,-0.1441207862110431,-1.6554043157462142,0.3573393515891545,-0.1941528312300914,-0.0285417745233155,0.4988756861833697,1.5032369084067383,-0.0673646061333141,
6.55,1.2287275703077811,-0.1341381284156394,-1.6523572773520487,0.3529612685587504,-0.1951996313698173,-0.0239846166973995,0.495753095802011,1.5036720648914197,-0.0671705490824372,
6.5666667,1.2282555676536624,-0.1323379769755765,-1.6511340136039048,0.3518895011350089,-0.1945854226043712,-0.0232396150522041,0.4953984525774545,1.5037792474806468,-0.0669986381653731,
6.5833333,1.226928465018072,-0.1254797973096506,-1.6492104621497383,0.3421746032013328,-0.2008901669166032,0.0131265556798694,0.4851611917358235,1.4986899961871305,-0.0652025955794352,
6.6,1.2228649395371625,-0.1297617486520523,-1.65010374260486,0.3466289052837703,-0.1986524904055309,0.0047407997990145,0.4851189242246633,1.50225968145432,-0.0694260349331968,
6.6166667,1.215917369692003,-0.1370949727319179,-1.6504233832512676,0.3495307485157319,-0.2018069709193833,0.0166510184189424,0.4830815844591166,1.5009930118912775,-0.0720529881098376,
6.6333333,1.209049952172879,-0.1423799627010457,-1.6502131424603688,0.3495065849558368,-0.2004590569777924,0.0086803257452224,0.4837821580500708,1.5028252356762082,-0.0780522048570592,
6.65,1.2036069455037963,-0.1473096497111597,-1.6493573577862322,0.3499274424815555,-0.2048601530470487,0.0251783770508019,0.4809475576417996,1.4968148839028916,-0.0713622477038891,
6.6666667,1.2002708325889462,-0.1461351186973241,-1.6484334316183735,0.3544153707754935,-0.2003723458789607,0.0016885063930042,0.483265394507422,1.5014381708579023,-0.0669255390639106,
6.6833333,1.198136092281031,-0.1442959361101331,-1.6477203351155034,0.3536873480423274,-0.1996901699781846,0.0032906020583409,0.480549256053202,1.499476751693087,-0.071852966570775,
6.7,1.194993664487394,-0.1425966104210957,-1.6472025531732364,0.3558579286864323,-0.1998378442060581,0.00501105652877,0.477860990856202,1.4973739214144188,-0.0649828019034085,
6.7166667,1.1923933038453685,-0.1437763088312477,-1.6478443510563,0.3574271885998867,-0.1967218317961172,-0.0098803671895369,0.4786807023672266,1.497387347185157,-0.0561154527841946,
6.7333333,1.1899121313888956,-0.1455776490150641,-1.6487167613878255,0.35527402773798,-0.1970402287209,-0.0027389418790291,0.4759289578000024,1.4946243487349158,-0.068578728021369,
6.75,1.1893680600757044,-0.1469510856044386,-1.6500081128735506,0.3559149011201393,-0.1934552386614995,-0.0185691172899929,0.4766022873249318,1.496498990303855,-0.0544658719458989,
6.7666667,1.1891315346262703,-0.1476440996508036,-1.6504245042762464,0.3554568373635584,-0.192846764000778,-0.019967206131453,0.4756264273143836,1.4958126298016643,-0.0554369122297176,
6.7833333,1.1896197686679,-0.1464370250532024,-1.649908666630766,0.3544243691695181,-0.1963356317969541,-8.758323985895345e-05,0.4721104880652457,1.4915868820754343,-0.0761668672123321,
6.8,1.189053752282826,-0.1467631726361275,-1.6493279306623791,0.3560377106893571,-0.1954232696571204,-0.0176600149016031,0.4751949728475785,1.4968519740693589,-0.0568842841077992,
6.8166667,1.18737924028883,-0.1482585213464184,-1.6488761609121467,0.3541618049784407,-0.1990333982173361,-0.0045035819774662,0.4741309843563131,1.49621284531832,-0.0571471376744666,
6.8333333,1.184819905530735,-0.1523950946161107,-1.648827177199492,0.3529411049444351,-0.2017241049554266,0.0035755630125116,0.4711287164499881,1.4956469313840728,-0.0687861331758322,
6.85,1.184169104541257,-0.1562926754134714,-1.65005873527584,0.3617332802893045,-0.201955187944654,0.0002169828232664,0.4711155516059732,1.4949130202590764,-0.061037205876595,
6.8666667,1.1841575335319152,-0.1597834189149946,-1.6500476674449214,0.3569619482239544,-0.2063796382646312,0.0226964731268396,0.4667209710253476,1.4874628558032017,-0.0603426730447148,
6.8833333,1.1871394395545218,-0.1608370036731218,-1.6507814543024752,0.3547353601386859,-0.2050117862052644,0.0219906099665213,0.4651406940700558,1.4880389978904642,-0.0630032114176188,
6.9,1.1895351641814755,-0.1615362031663559,-1.6516654955081356,0.3586417241309743,-0.1982560626024182,-0.0110886649138778,0.4696179985448371,1.49476302666316,-0.0612009697712437,
6.9166667,1.1891331911182634,-0.1636267313172584,-1.6517174251620348,0.3546881385104439,-0.199504435355313,-0.0046576750027297,0.4671379640430365,1.491222750542932,-0.0583475667564079,
6.9333333,1.1882586893586955,-0.166375371467342,-1.6531328730482353,0.3610444576511382,-0.1945687925836594,-0.0335475797054322,0.4719956616320265,1.4951638992962786,-0.0549450897911458,
6.95,1.1858751570782975,-0.1698148495872794,-1.6532527080528088,0.3626008904417879,-0.194713174073366,-0.03693761858178,0.4723386395994615,1.4933263307895797,-0.0602178586157853,
6.9666667,1.1834428761810951,-0.172556713845608,-1.6534046150531845,0.362263465588434,-0.1952657093607649,-0.040614408945578,0.4739319826131324,1.4920285933186546,-0.0618881683805411,
6.9833333,1.1816336643878191,-0.175334521938151,-1.653374072314873,0.3626371554165846,-0.1953051640993025,-0.0486697235590151,0.4760346024050927,1.4928663384441754,-0.0605011316620363,
7.0,1.1799680664884449,-0.1772600712707125,-1.6528035130122891,0.361769328843274,-0.1966403622700951,-0.0492881031377746,0.4772872133410101,1.4918653950852163,-0.0612247111359928,
7.0166667,1.180109749699128,-0.1770321342374617,-1.6523422329629625,0.3600487138025537,-0.1977478365123385,-0.047765416811811,0.4778442859608653,1.491594876730606,-0.060266653483815,
7.0333333,1.182419040734601,-0.1766557833058006,-1.652298978817176,0.3617535690437273,-0.1978193681335998,-0.0499133399406324,0.4794723810979374,1.4922977173297256,-0.0545336132356236,
7.05,1.1843503203321626,-0.1765717205695758,-1.6521116016649453,0.3580624402765253,-0.2010505914727941,-0.0342617598832349,0.478254489473231,1.488412737984097,-0.0573093920338453,
7.0666667,1.1885348500137118,-0.1753683952882738,-1.652157372226447,0.3571345564000547,-0.1994647373178776,-0.040554533854792,0.4804237494266911,1.4935214285802896,-0.0639665649223459,
7.0833333,1.1913406861741798,-0.1747077597175271,-1.6524378400049915,0.3549810300662027,-0.2002973263917222,-0.0392328370274942,0.4809898731495142,1.4934685951949036,-0.0599418899469867,
7.1,1.1913625380454804,-0.1755024943452252,-1.652432014968613,0.3562595031164433,-0.1988204048676738,-0.0492381612393605,0.4830824422884439,1.4956406113723184,-0.0624500059237872,
7.1166667,1.1915795842241987,-0.1743648194492039,-1.6518225534987323,0.3525004927350447,-0.201945112857014,-0.0395677791499871,0.4826946941822344,1.4935577886755305,-0.0594959897390287,
7.1333333,1.1899846119456712,-0.1744814111084286,-1.6510360384991465,0.3558740145134833,-0.20192594931636,-0.0450090141353461,0.4841352791729867,1.4954878547456631,-0.0664023902341934,
7.15,1.1886014954111992,-0.1736687432226663,-1.6504079072422575,0.356162841721013,-0.2034434914588863,-0.040707449655475,0.483550387575651,1.4950376507303027,-0.0677196478165389,
7.1666667,1.18817231633014,-0.1725527184378844,-1.6501442316255122,0.3557361012139846,-0.2048505533870968,-0.0374150359453705,0.4835601851559399,1.4947611310610591,-0.071641902333535,
7.1833333,1.1879349704014246,-0.1717376952302965,-1.6501805238274454,0.3547157510154738,-0.2063362218032245,-0.0326941028801656,0.4831377041249511,1.4955294335499003,-0.0734719872174671,
7.2,1.1890030019479023,-0.17075037957667,-1.6502124705086068,0.3470460984907245,-0.2065806220037105,-0.0306440220365464,0.4826279707685293,1.4636840350666946,-0.0709711857410288,
7.2166667,1.191168223209473,-0.1699260953030052,-1.6514863981978765,0.3599253106468573,-0.2062532500723151,-0.0422385723794441,0.485774636396123,1.497312354401456,-0.0610149613062124,
7.2333333,1.1929954049127274,-0.168532796866743,-1.6515564698512184,0.3554842809207166,-0.2090992183336033,-0.0294613906005864,0.4843016289474552,1.493410422323737,-0.0612795787026219,
7.25,1.193930549882485,-0.1688669286328643,-1.6513932478813025,0.3503006762551726,-0.21135904883247,-0.0224517753477161,0.4837005583224865,1.4921102616376785,-0.06321467428806,
7.2666667,1.1927626404732985,-0.1697341617942292,-1.6512190919472214,0.3522096901638676,-0.2114697985256223,-0.017184047732088,0.4825339664623523,1.4931774379728229,-0.0847902484491156,
7.2833333,1.1923463991689185,-0.1713448004971886,-1.6508890313361133,0.3543207519388869,-0.212215378223866,-0.0140130902628993,0.4820516859133341,1.4898725149643703,-0.0887309758799807,
7.3,1.196286462502003,-0.169264161207295,-1.6517329498657314,0.3595929729046742,-0.2065712614538662,-0.0421927594064414,0.4873756328530969,1.497760506433215,-0.0638360060912493,
7.3166667,1.198276388827623,-0.1693652529464986,-1.6515602209128468,0.3589396401405837,-0.205662981115554,-0.0411731865775795,0.4866543942147332,1.4975136063976413,-0.0661947979804344,
7.3333333,1.200372607100953,-0.170489723204998,-1.652040167607589,0.3599165508393416,-0.2046629702860143,-0.0407292781393639,0.4857722142281871,1.4971903536178135,-0.065476314344295,
7.35,1.2026954500944689,-0.1720144019988357,-1.6528899179803698,0.3594100987019136,-0.2033490982933519,-0.0381224561139144,0.4836881851598202,1.497639920587997,-0.0667786889805099,
7.3666667,1.2063700860238384,-0.1731381985602438,-1.6543204435914456,0.3589954264485311,-0.2012165605909528,-0.0334500976561876,0.4800498306113425,1.497696454769529,-0.0696245050490874,
7.3833333,1.2090199866149514,-0.1756280493173564,-1.6555271895435486,0.3557232692042581,-0.2012319872071453,-0.0189591519520555,0.4754834993348781,1.4951888634387014,-0.0848180482279743,
7.4,1.2114280107516768,-0.1770664180890245,-1.657087092921416,0.3597553134833179,-0.1967481487432434,-0.0372019644049578,0.4760469816764112,1.497941845967964,-0.0659282921377743,
7.4166667,1.208631599020104,-0.180679811462139,-1.6568197624106842,0.3549340084526931,-0.1987538039760823,-0.027271351280651,0.4725567928405243,1.4945490084561608,-0.0771179685057102,
7.4333333,1.2039313536915888,-0.1821698346492833,-1.6552277948909968,0.3537457130742446,-0.2055477572708642,-0.0088411971057019,0.469231159231569,1.4838424900142584,-0.070700866528486,
7.45,1.2003195459500997,-0.1820696843406783,-1.654701413711505,0.3599183216504006,-0.2007942174409747,-0.0465768252509884,0.4744173803201947,1.4953805960600808,-0.0609159922364452,
7.4666667,1.1960361110778337,-0.181999897874136,-1.6534427136708931,0.3585124814526665,-0.2025991638240916,-0.0483438382990766,0.4742072496595717,1.4937199138805448,-0.0585322674462307,
7.4833333,1.1939950260102452,-0.1797260827501049,-1.6520684529370455,0.3553787574414764,-0.2086434112877452,-0.0239577541603492,0.4712410294345515,1.483596884314858,-0.0583083469391875,
7.5,1.1950126655378948,-0.176611603437379,-1.6520444680988662,0.3521540440058592,-0.208537740677249,-0.0212703054283733,0.4701899656299959,1.4872191856739416,-0.062740508298333,
7.5166667,1.1951217254032651,-0.1757212039972535,-1.6528329598583626,0.3532047374515475,-0.206140581738716,-0.0281559249862663,0.4720829429299248,1.4901134094965207,-0.0700374134727279,
7.5333333,1.1990043834609885,-0.1734231705099888,-1.654325491432708,0.3582881083817484,-0.2028057376782321,-0.0428008249619863,0.4746099740870267,1.4925755744447748,-0.0534783356826549,
7.55,1.202785047444285,-0.1721871904674478,-1.6554754131295577,0.3587058548580754,-0.2015438632327768,-0.0417473023375805,0.4758856701438944,1.4919817176146704,-0.0543441865432523,
7.5666667,1.2070699647992174,-0.1704525719520071,-1.656445764008322,0.3576941361853804,-0.1993929234768763,-0.0440370643604542,0.4768758151507714,1.4921938053129835,-0.0538466935299407,
7.5833333,1.2100644572637247,-0.1694122407006207,-1.6570290999936952,0.3584353892124084,-0.1971924331253799,-0.0485258000437042,0.4782023547431448,1.4932682149906795,-0.0508774502201231,
7.6,1.2129273222320345,-0.1671698207337074,-1.6573971045863405,0.3572372044493522,-0.1956181482344761,-0.0470558135854387,0.4783769904682372,1.493066187021109,-0.0547482974602652,
7.6166667,1.2161400714356292,-0.1648858175992336,-1.657786061333057,0.3578564833962754,-0.1938588062575163,-0.0485953585702461,0.4788841285200611,1.493769332354716,-0.0536572577618572,
7.6333333,1.2191272050684114,-0.1610393547031371,-1.6573104606826847,0.3533089446034659,-0.2024462309191819,0.0122795192940756,0.4690512383004357,1.4625205448311744,-0.0621546639257586,
7.65,1.2255218448326954,-0.1570446643097942,-1.6584312114700157,0.3551434776335297,-0.1903514133621266,-0.0440550887247054,0.4766190321883083,1.4940307866909222,-0.0579952970051011,
7.6666667,1.2276666309067192,-0.1545232716133738,-1.6578860311746175,0.3521453938050204,-0.1903474279027797,-0.040109707024324,0.4746696498612122,1.4947011292593697,-0.0612191498188642,
7.6833333,1.2251681760254602,-0.1546971617338097,-1.6573730602324332,0.3509051043700233,-0.1920181806320997,-0.0377208064602127,0.472374237509418,1.4934175635129046,-0.0571446339996546,
7.7,1.2198591314049825,-0.1595761493726143,-1.656384178494869,0.351435611158801,-0.1952237406499726,-0.0382263534698905,0.4727206979323096,1.4938547096729335,-0.0577835042674313,
7.7166667,1.2124331648919893,-0.1656711468221256,-1.655309465129883,0.3498480603693187,-0.2003323595131328,-0.024798590962107,0.4701834433345812,1.4893696835124757,-0.0709340018503809,
7.7333333,1.2079713402659429,-0.1699890690513452,-1.6550294970391035,0.3497970091396321,-0.2043679438435145,-0.014877379402882,0.4703136253490923,1.4861189376184,-0.0638871402240754,
7.75,1.2087516691205278,-0.171169582006659,-1.6553797275477122,0.3510347570261724,-0.2013173599875066,-0.0285208977674678,0.4731539780135122,1.4925724101628408,-0.0689398252989665,
7.7666667,1.2110018917563952,-0.1711101079925351,-1.656050568233128,0.3526298748651597,-0.2000938965736962,-0.0308028038888453,0.4738541346453082,1.4929522828198667,-0.0601404607683751,
7.7833333,1.2148286528522965,-0.1695367067618316,-1.65667891503818,0.3535533432331556,-0.198115308430496,-0.0332334625025082,0.474441039479936,1.493357540767264,-0.0603474062031133,
7.8,1.216430347790037,-0.1690906962490649,-1.656768090541915,0.3538372505320569,-0.1981249320014586,-0.0308391709654033,0.4740916327667342,1.4942008208554416,-0.0597962151683044,
7.8166667,1.2157315940538935,-0.169729537544376,-1.6566680062067562,0.3533554380803439,-0.1995395269452536,-0.0212989937543542,0.472450772640579,1.4934395473310969,-0.0738457060180833,
7.8333333,1.2134046895046755,-0.1714474834530712,-1.6560687528186049,0.3482804480466782,-0.2000015105368016,-0.0194543714994835,0.4708292093982326,1.4710512094657031,-0.0702708767419892,
7.85,1.2079832996110431,-0.1746224497690189,-1.6563308461198498,0.3612349619097896,-0.2012153625969542,-0.0303118928612089,0.4738253100091127,1.4947902918476683,-0.0610182107602138,
7.8666667,1.2033493561992186,-0.1768593522265679,-1.6558069865920613,0.3634335837117888,-0.2028961155392893,-0.0315451793371153,0.4753483686138058,1.4949785486458425,-0.0628249335394434,
7.8833333,1.2020235557537835,-0.1770726342536884,-1.6556376952396714,0.3641699171792542,-0.2027950756363646,-0.0346289617989571,0.4769001520218612,1.495209026878484,-0.0605274058485959,
7.9,1.2029825321472798,-0.1756671673818813,-1.6558229478026036,0.3647204135730208,-0.2014152185042708,-0.0392173205268452,0.4789783337136351,1.4958658366875104,-0.0593357819527309,
7.9166667,1.2069713613759283,-0.1722243975709747,-1.6561140222960782,0.3624651132507607,-0.2000974544273764,-0.0338734302333186,0.4784895957954502,1.495578053361406,-0.0670524215334708,
7.9333333,1.212070011791066,-0.1682521543807405,-1.6569979683812943,0.3603774945637213,-0.1975390452173834,-0.0368109619578249,0.4798018681938532,1.495320050762862,-0.0683450581051242,
7.95,1.2182817085866169,-0.1641583067711371,-1.6574448084490547,0.357510776432022,-0.1971415328666735,-0.0294208342102249,0.4783217071641802,1.489781677034522,-0.0632219673208723,
7.9666667,1.2188379444956283,-0.1648166676542696,-1.6573485067659832,0.3558991722129203,-0.1994430474131314,-0.0224064540339637,0.4782577527153335,1.4909246432452363,-0.0618422194463897,
7.9833333,1.217971872327282,-0.166517150496601,-1.6566825395634377,0.3500611535518141,-0.1995242844612971,-0.0218368187086855,0.4757647158596715,1.467837978376702,-0.0617312508889491,
8.0,1.2127960205888082,-0.1727186704518164,-1.6569432547527054,0.3560922415819735,-0.2061604631332914,0.0040171098457164,0.4712677799214639,1.4842613288921642,-0.0787062519844125,
8.0166667,1.2116491149954391,-0.1769752347585174,-1.6563100856029302,0.3565659286533537,-0.2039172485179696,-0.0347307731374113,0.4788817470182968,1.4970717003756764,-0.0527608400774051,
8.0333333,1.2074710072528725,-0.1849261713523024,-1.6555494613410673,0.3516257550069621,-0.206203711868557,-0.0385531344328012,0.479469206344028,1.4994657568169312,-0.0514906599591054,
